,Compound,Date,Negative,Neutral,Outlet,Positive,Text,Tweet Count
0,-0.6808,Wed Mar 14 21:14:04 +0000 2018,0.248,0.752,@BBC,0.0,"No coffee after 2pm, no lie-ins and no phones in the bedroom...

One woman followed all the rules to find out what‚Ä¶ https://t.co/EoQcnBXGQ4",1
1,0.0,Wed Mar 14 20:00:03 +0000 2018,0.0,1.0,@BBC,0.0,üõ©Ô∏è The sky's the limit! https://t.co/eQgP9MDBCj,2
2,0.0,Wed Mar 14 19:10:00 +0000 2018,0.0,1.0,@BBC,0.0,"‚ÄúRemember to look up at the stars and not down at your feet.‚Äù

An extraordinary man whose work and legacy will live‚Ä¶ https://t.co/iM2vDxd8ET",3
3,-0.7964,Wed Mar 14 19:04:03 +0000 2018,0.351,0.649,@BBC,0.0,Britain's most iconic dog is in crisis. Catherine Tate investigates the serious health problems affecting the Briti‚Ä¶ https://t.co/pnTcQIQAi5,4
4,0.0,Wed Mar 14 18:30:00 +0000 2018,0.0,1.0,@BBC,0.0,"üîäüòµ This is trippy. 

#TonesDronesAndArpeggios | Watch on @BBCiPlayer https://t.co/Ylvgi0X3XV",5
5,0.0,Wed Mar 14 17:30:00 +0000 2018,0.0,1.0,@BBC,0.0,Would you use a cup made of used chewing gum?¬†https://t.co/3yFsUyeZAc,6
6,0.8402,Wed Mar 14 16:43:32 +0000 2018,0.0,0.655,@BBC,0.345,RT @BBCR1: Big thanks to #PiDay for giving us an excuse to re-share this video of Tom Hiddleston making it sound sexy üòç https://t.co/1VZuCI‚Ä¶,7
7,0.4019,Wed Mar 14 16:20:43 +0000 2018,0.0,0.876,@BBC,0.124,"RT @BBCTwo: In a change to tonight‚Äôs schedule, we‚Äôll now be showing a Horizon special from 1983 looking at Stephen Hawking's extraordinary‚Ä¶",8
8,0.0,Wed Mar 14 14:38:04 +0000 2018,0.0,1.0,@BBC,0.0,"üí´‚òÑ From the behaviour of black holes to the origin of the universe, these are the discoveries that made Stephen Haw‚Ä¶ https://t.co/Nep1Hu6Onj",9
9,0.7783,Wed Mar 14 13:24:10 +0000 2018,0.0,0.726,@BBC,0.274,"Broadcaster and comedian Jim Bowen, best known for hosting darts-based game show Bullseye in the 1980s and '90s, ha‚Ä¶ https://t.co/4d3xxj5e3X",10
10,0.6779,Wed Mar 14 13:00:06 +0000 2018,0.0,0.618,@BBC,0.382,"Pi(œÄ) = the most delicious number in the known universe. 
ü•ß #PiDay https://t.co/hjtJByH0XN",11
11,0.561,Wed Mar 14 12:49:48 +0000 2018,0.0,0.826,@BBC,0.174,"RT @BBCR1: üèîüö¥ #Gregathlon is GO! üö¥üèî

@GregJames is getting back on his bike to finish his HUGE challenge for @SportRelief. 

He starts his‚Ä¶",12
12,0.6696,Wed Mar 14 12:17:18 +0000 2018,0.0,0.781,@BBC,0.219,"RT @bbcgetinspired: üî¥ DANCERS NEEDED! üî¥

Do you know a dancer who would love this? üíÉüï∫ #TuesdayThoughts #GetInspired @birminghamcg22 #Birmin‚Ä¶",13
13,-0.802,Wed Mar 14 12:12:32 +0000 2018,0.231,0.769,@BBC,0.0,RT @BBCFOUR: Ruth Ellis was only 28 when she became the last woman hanged to death in the UK ‚Äì and it took place disturbingly recently. htt‚Ä¶,14
14,0.3612,Wed Mar 14 12:03:05 +0000 2018,0.0,0.865,@BBC,0.135,"üìö The Bard is credited with inventing several hundred English words. 

Test your knowledge of Bard-influenced corpo‚Ä¶ https://t.co/V3IfPC0kDm",15
15,0.8176,Wed Mar 14 11:59:37 +0000 2018,0.052,0.598,@BBC,0.351,"RT @BBCRadio4: Here is a perfect example of Stephen Hawking's extraordinary ability to make serious science genuinely popular
A 90-second e‚Ä¶",16
16,0.3612,Wed Mar 14 11:56:23 +0000 2018,0.0,0.828,@BBC,0.172,"RT @bbcthree: ""Having vitiligo is like having something that nobody else has."" https://t.co/IG2a06mxGV",17
17,0.8625,Wed Mar 14 11:56:14 +0000 2018,0.0,0.719,@BBC,0.281,RT @bbcouch: George has autism and other health conditions - but his love of skiing is helping him take on the outside world ‚õ∑‚ù§Ô∏è https://t.‚Ä¶,18
18,0.0,Wed Mar 14 11:30:12 +0000 2018,0.0,1.0,@BBC,0.0,"üí´ Stephen Hawking: A life in pictures.
üì∏ üëâ https://t.co/0NOtTi7lyD https://t.co/Q1yeTunvnY",19
19,0.0,Wed Mar 14 10:27:40 +0000 2018,0.0,1.0,@BBC,0.0,"'You could ask my dad any question.'

In memory of Stephen Hawking, here's an earlier interview with his daughter L‚Ä¶ https://t.co/6OQlwLfg2d",20
20,0.0,Wed Mar 14 10:01:19 +0000 2018,0.0,1.0,@BBC,0.0,RT @BBCArchive: Stephen Hawking first appeared on the BBC in the 1977 documentary The Key to the Universe: The Search for the Laws of Creat‚Ä¶,21
21,0.5719,Wed Mar 14 09:00:05 +0000 2018,0.0,0.748,@BBC,0.252,'I was homeless on these streets - I'm the perfect tour guide.' https://t.co/jxirkZzebu,22
22,0.0,Wed Mar 14 08:35:41 +0000 2018,0.0,1.0,@BBC,0.0,"Despite 8 million tonnes of plastic entering UK oceans each year, researchers can only account for where 1% of it e‚Ä¶ https://t.co/qHNjcKK9Ap",23
23,0.0,Wed Mar 14 07:07:28 +0000 2018,0.0,1.0,@BBC,0.0,Stephen Hawking had once written that he had motor neurone disease for practically all his adult life but said that‚Ä¶ https://t.co/6oyYB57iE6,24
24,-0.5574,Wed Mar 14 07:03:36 +0000 2018,0.13,0.87,@BBC,0.0,RT @BBCr4today: This morning: World renowned physicist Stephen Hawking has died at the age of 76. Here he is reading an extract from his 19‚Ä¶,25
25,0.3612,Wed Mar 14 06:28:18 +0000 2018,0.116,0.683,@BBC,0.201,"RT @BBCWorld: A brilliant mind,

wicked sense of humor

and a heart big enough to hold the universe. ‚≠êüöÄ

Rest among the stars, Stephen Hawk‚Ä¶",26
26,-0.5574,Wed Mar 14 06:21:50 +0000 2018,0.217,0.783,@BBC,0.0,"üíî World renowned physicist Stephen Hawking has died at the age of 76.
https://t.co/WxYeUddUJB https://t.co/Sbl0zn1Dma",27
27,0.0,Tue Mar 13 20:00:05 +0000 2018,0.0,1.0,@BBC,0.0,"Wakanda has Black Panther. 

 Senegal has Sandale-man. https://t.co/T9JnB3pNeq",28
28,0.0,Tue Mar 13 19:00:05 +0000 2018,0.0,1.0,@BBC,0.0,‚öî Charis is 19 years old and makes SWORDS for a living! https://t.co/kUUiAjIwNu,29
29,0.0,Tue Mar 13 18:30:05 +0000 2018,0.0,1.0,@BBC,0.0,"Microplastics are littering riverbeds across the UK, with hundreds of thousands of plastic particles per square met‚Ä¶ https://t.co/cGhDdnQrTm",30
30,0.6696,Tue Mar 13 17:30:06 +0000 2018,0.0,0.71,@BBC,0.29,‚ù§Ô∏èüíÉüèª Ballet is STILL the love of Joyce's life at 98-years-old! https://t.co/nzr3Jy1wbS,31
31,-0.296,Tue Mar 13 17:16:46 +0000 2018,0.087,0.913,@BBC,0.0,"RT @bbcthree: ""No one needs airbags because you've got two"" 

.... and others things not to say to people who've had cosmetic procedures ht‚Ä¶",32
32,0.3182,Tue Mar 13 17:13:13 +0000 2018,0.0,0.897,@BBC,0.103,"RT @BBCR1: Now we have a trailer for #FantasticBeasts: The Crimes of Grindelwald, please can we take a moment to discuss Eddie Redmanyne's‚Ä¶",33
33,-0.5255,Tue Mar 13 17:02:28 +0000 2018,0.188,0.72,@BBC,0.092,"RT @bbcwritersroom: #Networking, a necessary evil - and why you've got to learn to embrace it! 

Check out @PhilipShelley1's latest blog fo‚Ä¶",34
34,0.6808,Tue Mar 13 14:00:22 +0000 2018,0.054,0.702,@BBC,0.244,"From making serious science genuinely popular to his sense of humour, here are seven reasons we ‚ù§Ô∏è Stephen Hawking.‚Ä¶ https://t.co/zWNEpoOttE",35
35,0.4215,Tue Mar 13 13:00:08 +0000 2018,0.0,0.865,@BBC,0.135,üé® This scheme to recycle unused paint has saved hundreds of tons of leftovers from ending up in landfill. https://t.co/Y6oau3hK0s,36
36,0.0258,Tue Mar 13 12:26:59 +0000 2018,0.086,0.824,@BBC,0.09,üôÖüíå Fans of #KPop boyband #BigBang have been asked to stop sending fan mail to @IBGDRGN at the army base where he's‚Ä¶ https://t.co/Swh0KwypL7,37
37,0.0,Tue Mar 13 12:03:24 +0000 2018,0.0,1.0,@BBC,0.0,"RT @bbcouch: During the Winter Olympics people across Britain were swept away by curling. And Aileen Neilson, captain of @ParalympicsGB‚Äôs c‚Ä¶",38
38,0.25,Tue Mar 13 12:00:09 +0000 2018,0.0,0.9,@BBC,0.1,"Shakespeare's plays are famous around the world, yet much about the playwright is still a mystery. 

Here's what we‚Ä¶ https://t.co/McqCcs3mMj",39
39,-0.431,Tue Mar 13 11:28:09 +0000 2018,0.192,0.808,@BBC,0.0,"RT @bbcthree: ""Underwater you feel nothing. You're at peace with yourself.""  #perfectday2018 https://t.co/zHpEQSzk4H",40
40,-0.4588,Tue Mar 13 11:26:58 +0000 2018,0.12,0.88,@BBC,0.0,"RT @BBCiPlayer: Renowned shop owner and music producer, Blacker Dread, was amongst the first pioneers of sound system culture in the UK üáØüá≤‚Ä¶",41
41,0.0,Tue Mar 13 09:00:06 +0000 2018,0.0,1.0,@BBC,0.0,"ü§î Are we really born to prefer 'boys' or 'girls' toys? 

üêí The answer might lie with monkeys... https://t.co/oI014dsJHD",42
42,0.6304,Tue Mar 13 08:30:07 +0000 2018,0.081,0.718,@BBC,0.2,"üó£ Accents can be subject to subtle forms of prejudice, but does that mean some are more appealing and trustworthy t‚Ä¶ https://t.co/BgEMXgEzSr",43
43,-0.0772,Tue Mar 13 08:00:03 +0000 2018,0.129,0.76,@BBC,0.111,Marianne's search for her missing daughter could be straight out of the film #ThreeBillboards. https://t.co/dph6hhzlXi,44
44,0.5515,Mon Mar 12 20:17:27 +0000 2018,0.0,0.771,@BBC,0.229,"RT @BBCOne: ‚ù§Ô∏è Edina, but kind of glad she's not our mum. https://t.co/lQINpsfQuA",45
45,-0.7003,Mon Mar 12 20:16:22 +0000 2018,0.303,0.599,@BBC,0.099,"RT @BBCnireland: Christopher suffered a severe, life-changing, brain injury. It changed his life and the life of his family. True North: My‚Ä¶",46
46,0.2263,Mon Mar 12 19:23:01 +0000 2018,0.0,0.84,@BBC,0.16,üåä These three women are leading the way in ocean exploration. https://t.co/qwkMRVMiNl,47
47,0.2263,Mon Mar 12 18:30:06 +0000 2018,0.0,0.881,@BBC,0.119,"üóìü•ó A week‚Äôs worth of veggie dishes from @ChefTomKerridge, @NigelSlater, @Nigella_Lawson and The @HairyBikers.
üëâ‚Ä¶ https://t.co/VvTZRToT6L",48
48,0.5859,Mon Mar 12 17:30:05 +0000 2018,0.0,0.84,@BBC,0.16,"'There's nothing in the dictionary for that.'

üé∂‚ù§Ô∏è The amazing moment eight London teens hear an opera singer in th‚Ä¶ https://t.co/J448SabIeC",49
49,0.0,Mon Mar 12 16:44:15 +0000 2018,0.0,1.0,@BBC,0.0,"RT @BBCTwo: Meet Marshaal and Amal, two of just six women working at this hotel in Oman.

#AmazingHotels #IWD2018 https://t.co/5zdDAFBrZ9",50
50,0.9022,Mon Mar 12 16:24:52 +0000 2018,0.0,0.643,@BBC,0.357,"RT @BBCOne: To celebrate the life of the amazing Ken Dodd, tonight we will be showing:

22:45 - Arena: Ken Dodd's Happiness
23:45 - Talking‚Ä¶",51
51,0.8429,Mon Mar 12 16:17:43 +0000 2018,0.0,0.702,@BBC,0.298,RT @BBCnireland: AMAZING OPPORTUNITY: We're looking for female directors aged 18-30. Could you make a short film for BBC NI &amp; @bbcartsshow?‚Ä¶,52
52,0.0,Mon Mar 12 16:07:16 +0000 2018,0.0,1.0,@BBC,0.0,"üò± @Beyonce and Jay-Z are going on a joint tour called On The Run II, it has finally been confirmed. 
üëâ‚Ä¶ https://t.co/sG72fSqfRi",53
53,-0.3612,Mon Mar 12 15:55:51 +0000 2018,0.116,0.884,@BBC,0.0,"RT @BBCR1: ""Who is your least favourite Carpool Karaoke guest?""
 
@JKCorden always asks difficult questions... So @grimmers let celebs get‚Ä¶",54
54,-0.34,Mon Mar 12 14:00:09 +0000 2018,0.194,0.806,@BBC,0.0,"üòï Binoculars, wet wipes, glue, and other confusingly gendered products...
üëâ https://t.co/iDxK2oSX4R https://t.co/5NxTrzbdb3",55
55,0.25,Mon Mar 12 13:30:45 +0000 2018,0.0,0.9,@BBC,0.1,"French fashion designer Hubert de Givenchy, who created famous looks for Audrey Hepburn and Jackie Kennedy, has die‚Ä¶ https://t.co/UuWcTZ46c2",56
56,0.0,Mon Mar 12 13:27:27 +0000 2018,0.0,1.0,@BBC,0.0,"RT @BBCBreakfast: Let's settle this... Which goes first on a scone, cream or jam? 

@MrDanWalker thinks it should be #jamfirst but @LouiseM‚Ä¶",57
57,0.0,Mon Mar 12 12:59:05 +0000 2018,0.0,1.0,@BBC,0.0,'Our clothes can be a sixth sense.' https://t.co/DiN7gnxlon,58
58,0.0,Mon Mar 12 12:46:06 +0000 2018,0.0,1.0,@BBC,0.0,RT @BBCR1: .@thegreatkhalid gives all the goosebumps with his Live Lounge cover of Tracy Chapman's 'Fast Car' ‚≠êÔ∏è‚ú® https://t.co/03fLgeKklj,59
59,-0.34,Mon Mar 12 12:40:39 +0000 2018,0.112,0.888,@BBC,0.0,"RT @bbccomedy: In a nutshell, it's a foregone conclusion that you'll accidentally quote the big man during #ShakespeareWeek. The son of a b‚Ä¶",60
60,0.0,Mon Mar 12 12:19:24 +0000 2018,0.0,1.0,@BBC,0.0,RT @BBCWorld: Miami nightclub shut over horse stunt https://t.co/j4SjWAyDWo,61
61,0.0,Mon Mar 12 12:00:09 +0000 2018,0.0,1.0,@BBC,0.0,"üé≠ If you‚Äôve ever been ‚Äòin a pickle‚Äô, waited ‚Äòwith bated breath‚Äô, or gone on ‚Äòa wild goose chase‚Äô, then you‚Äôve been‚Ä¶ https://t.co/iAh1LB98DU",62
62,-0.6542,Mon Mar 12 10:58:16 +0000 2018,0.225,0.709,@BBC,0.066,"RT @BBCFOUR: Two common hair straightener temperatures: one's fine, but the other will destroy your hair... https://t.co/BEaLyTWdzy",63
63,0.7579,Mon Mar 12 10:55:19 +0000 2018,0.071,0.647,@BBC,0.282,"RT @bbcthree: ""It's great to go to the court knowing there's no ban... I'm still able to practice my faith while playing basketball.""  #per‚Ä¶",64
64,-0.5255,Mon Mar 12 10:52:55 +0000 2018,0.159,0.841,@BBC,0.0,"RT @BBCNewsround: Have you been using emojis wrong this whole time? üôàYep, apparently there's an official definition now! https://t.co/Xiwan‚Ä¶",65
65,0.2433,Mon Mar 12 09:58:30 +0000 2018,0.119,0.696,@BBC,0.185,"üíî Sir Ken Dodd, creator of the Diddy Men and one of the most popular comedians of his time, has died aged 90.
üëâ‚Ä¶ https://t.co/Yw0hzqKjyK",66
66,-0.1531,Mon Mar 12 09:00:06 +0000 2018,0.264,0.545,@BBC,0.191,Is this a 'luxury prison' or the best way to prepare offenders for life outside? https://t.co/uqQZwyCC6S,67
67,0.2732,Mon Mar 12 08:30:04 +0000 2018,0.133,0.687,@BBC,0.18,"üç† Poor, rural societies which ate high-quality, local foods had the best diet and health in mid-Victorian Britain.‚Ä¶ https://t.co/P4N0lA74ch",68
68,0.0516,Mon Mar 12 08:00:05 +0000 2018,0.174,0.64,@BBC,0.186,3 out of 4 parents wouldn‚Äôt be able to save their baby from choking. https://t.co/pxYSvLtkBN,69
69,0.6068,Sun Mar 11 21:39:32 +0000 2018,0.0,0.763,@BBC,0.237,"RT @bbcthree: ""I felt completely overwhelmed and amazed as soon as he was put on my chest."" https://t.co/3FOgymPjhQ",70
70,0.6908,Sun Mar 11 21:22:19 +0000 2018,0.0,0.678,@BBC,0.322,"üé§‚ú® Catch the best performances, exclusive backstage footage and photos from #AsianNetworkLive2018 at‚Ä¶ https://t.co/nWlJnU6AX9",71
71,0.3612,Sun Mar 11 21:02:37 +0000 2018,0.0,0.848,@BBC,0.152,"RT @BBCOne: Here's to the memories. ‚ù§Ô∏è
Thank you for watching #CallTheMidwife with us. https://t.co/G1h78O8Qya",72
72,0.861,Sun Mar 11 20:00:07 +0000 2018,0.0,0.57,@BBC,0.43,"Join host @TessDaly for a very special event honouring one of this country's biggest and best-loved entertainers, S‚Ä¶ https://t.co/Cym8TQlXhE",73
73,0.765,Sun Mar 11 19:54:20 +0000 2018,0.048,0.662,@BBC,0.29,"RT @bbcouch: ‚ÄòI couldn‚Äôt reach Millie in her toughest year‚Äô

@knight_millie may be celebrating her second silver medal at the Winter Paraly‚Ä¶",74
74,0.296,Sun Mar 11 19:52:28 +0000 2018,0.097,0.767,@BBC,0.137,RT @bbcsoutheast: It‚Äôs with great sadness we have to report that our sports reporter Neil Bell passed away in the early hours of Sunday mor‚Ä¶,75
75,0.4939,Sun Mar 11 19:51:36 +0000 2018,0.0,0.868,@BBC,0.132,RT @BBCBreakfast: Mary Beard's documentaries about the Romans have brought their ancient world to life - now she's turning her hand to the‚Ä¶,76
76,-0.7481,Sun Mar 11 19:51:25 +0000 2018,0.285,0.715,@BBC,0.0,"RT @BBCiPlayer: I will not allow that man...that nobody...to kill my brother twice. #ACSVersace, now on BBC iPlayer: https://t.co/M1ixQKBH3‚Ä¶",77
77,0.0,Sun Mar 11 19:51:12 +0000 2018,0.0,1.0,@BBC,0.0,RT @BBCOne: Mums have to put up with some right rubbish. https://t.co/mN7f23pPub,78
78,0.0,Sun Mar 11 19:50:11 +0000 2018,0.0,1.0,@BBC,0.0,RT @BBCSpringwatch: Actual Mother's Day sibling selfie üòòüë©‚Äçüëß‚Äçüë¶  #selfie #mothersday #motheringsunday #sunday #winterwatch #wildlife #littleo‚Ä¶,79
79,0.0,Sun Mar 11 19:49:56 +0000 2018,0.0,1.0,@BBC,0.0,RT @cbbc: Tanya Muzinda is on a mission to conquer the motocross world. Follow her story Monday 5.30pm üèçÔ∏èüí™ https://t.co/Z9w1GJZS45,80
80,-0.5994,Sun Mar 11 19:00:03 +0000 2018,0.163,0.837,@BBC,0.0,"'That was the end of my childhood.'

üíîMoney saving expert @MartinSLewis opens up about the death of his mum, three‚Ä¶ https://t.co/zFdD7gDBmH",81
81,0.2263,Sun Mar 11 18:00:15 +0000 2018,0.213,0.435,@BBC,0.353,‚ù§Ô∏è These creations are helping to comfort children during their cancer treatment. https://t.co/qque7xnzNx,82
82,0.3818,Sun Mar 11 17:02:03 +0000 2018,0.0,0.794,@BBC,0.206,üêë Ewe won't believe how this farmer revives frozen little lambs.  https://t.co/z1UvoIiRXY,83
83,0.0,Sun Mar 11 16:55:19 +0000 2018,0.0,1.0,@BBC,0.0,"RT @BBCMOTD: John Motson in his element during his last ever LIVE commentary (would you believe it?!)
50 years as a commentatorüéô
10 World C‚Ä¶",84
84,0.0,Sun Mar 11 16:00:04 +0000 2018,0.0,1.0,@BBC,0.0,"By 2050, 30-50% of all species could be heading towards extinction. https://t.co/2TYrhIiBIw",85
85,0.0,Sun Mar 11 15:01:05 +0000 2018,0.0,1.0,@BBC,0.0,üóëüöÄ Tomorrow‚Äôs space scientists will have to deal with a monumental amount of space junk left from previous spacecra‚Ä¶ https://t.co/IJTpc5TBsd,86
86,0.0,Sun Mar 11 14:43:09 +0000 2018,0.0,1.0,@BBC,0.0,"RT @5liveSport: For the final time...

The legendary John Motson is in our commentary box üéôÔ∏è‚öΩÔ∏è

He'll be commentating on #Arsenal vs #Watfo‚Ä¶",87
87,-0.0772,Sun Mar 11 14:00:04 +0000 2018,0.284,0.459,@BBC,0.257,Making fake videos just got easier. https://t.co/VSP9bwHVNZ,88
88,-0.5267,Sun Mar 11 12:33:04 +0000 2018,0.145,0.855,@BBC,0.0,"Captain America teams up with Black Widow to get to the bottom of a conspiracy. üî•üí™üá∫üá∏

Captain America: The Winter S‚Ä¶ https://t.co/yDWYJRUgGi",89
89,0.0,Sun Mar 11 12:00:03 +0000 2018,0.0,1.0,@BBC,0.0,üöê Meet Om Abdullah - Egypt's first official female minibus driver. https://t.co/Z4fmE1k5ph,90
90,-0.2755,Sun Mar 11 11:31:52 +0000 2018,0.095,0.905,@BBC,0.0,"RT @BBCSport: We're not emotionally ready for this.

John Motson will deliver his final live BBC commentary today.

More detailsüëá
https://t‚Ä¶",91
91,0.1326,Sun Mar 11 11:10:49 +0000 2018,0.05,0.877,@BBC,0.073,"RT @CBeebiesHQ: Doesn't matter if your family has:

One Mumüë©‚Äçüë¶

Two Mums üë©‚Äçüë©‚Äçüëß‚Äçüëß

A Grandmum üëµüèº

... they all want a lie-in!

#HappyMothers‚Ä¶",92
92,0.7717,Sun Mar 11 10:32:04 +0000 2018,0.0,0.645,@BBC,0.355,"üç∞ Surprise your mum with a homemade treat this #MothersDay ‚Äì from easy cupcakes to luscious layer cakes.
üëâ‚Ä¶ https://t.co/p7n5lo2ziD",93
93,-0.25,Sun Mar 11 10:24:05 +0000 2018,0.155,0.747,@BBC,0.098,"RT @BBCScotland: Undercover filming reveals Scotland's growing 'bag' problem.

See more from #ShortStuff -  https://t.co/orhxUmskEd 

#come‚Ä¶",94
94,0.0,Sun Mar 11 10:05:01 +0000 2018,0.0,1.0,@BBC,0.0,üê∑ Blossom the pig can sit on command! https://t.co/mRGtuk0zqh,95
95,0.6808,Sun Mar 11 10:02:15 +0000 2018,0.0,0.789,@BBC,0.211,"RT @BBC6Music: üéÇ 6 Music launched 16 years ago today. 

When you turned 16, which album did you think was a masterpiece? Do you still love‚Ä¶",96
96,0.0,Sun Mar 11 09:38:23 +0000 2018,0.0,1.0,@BBC,0.0,"RT @1Xtra: The new breed a dancehall artist @thebellablair performs for @davidrodigan #1XtraJamaica 

üì∫‚ñ∂ https://t.co/MrnHDz2ZyL https://t.‚Ä¶",97
97,0.7847,Sun Mar 11 09:35:38 +0000 2018,0.0,0.743,@BBC,0.257,"RT @BBCRadio3: ""To my first Love, my Mother, on whose knee
I learnt love-lore that is not troublesome""
Christina Rossetti's 'Sonnets are fu‚Ä¶",98
98,0.5803,Sun Mar 11 09:33:16 +0000 2018,0.0,0.869,@BBC,0.131,RT @TWBBC: Fry-up anyone?  üå≠ü•ìüç≥ Did you know just 1.5 sausages could reduce your lifespan by 30 minutes? But 2-3 cups of coffee could gain y‚Ä¶,99
99,0.0,Sun Mar 11 09:30:10 +0000 2018,0.0,1.0,@BBC,0.0,During the Middle Ages the custom developed of allowing people who had moved away to return and visit their mothers‚Ä¶ https://t.co/UQD2ySeRH4,100
100,0.6696,Wed Mar 14 19:30:01 +0000 2018,0.0,0.781,@CBS,0.219,"Give these ladies some love! @Lauren_Alaina, @DBradbery, @carlypearce, and @RaeLynn are nominated for New Female Vo‚Ä¶ https://t.co/IVhwURfJ3S",1
101,0.3612,Tue Mar 13 18:48:52 +0000 2018,0.0,0.857,@CBS,0.143,"RT @ManWithAPlan: Hungry for more #ManWithAPlan bloopers and behind-the-scenes videos featuring cast like @matt_leblanc, @thelizasnyder, @k‚Ä¶",2
102,0.539,Tue Mar 13 14:15:10 +0000 2018,0.0,0.821,@CBS,0.179,"Music stars @MileyCyrus, @edsheeran, @ladygaga, and more will honor the legendary @eltonofficial and his hit songs‚Ä¶ https://t.co/UzxARCCLnI",3
103,0.2244,Mon Mar 12 18:13:28 +0000 2018,0.0,0.917,@CBS,0.083,RT @thegoodfight: The verdict is in. The new season of #TheGoodFight is üî•üî•üî•! Stream it now on CBS All Access: https://t.co/FkYSNSXlRb https‚Ä¶,4
104,0.0,Mon Mar 12 01:20:43 +0000 2018,0.0,1.0,@CBS,0.0,"RT @MadamSecretary: In less than an hour, #MadamSecretary's Keith Carradine will be taking over the @MadamSecretary Twitter page! Tweet alo‚Ä¶",5
105,0.4926,Fri Mar 09 22:48:26 +0000 2018,0.0,0.883,@CBS,0.117,RT @DierksBentley: Take and post a photo of the woman in your life who inspires you daily! Use the hashtag #WomanAmenACM in your post for a‚Ä¶,6
106,0.1275,Fri Mar 09 22:24:20 +0000 2018,0.092,0.795,@CBS,0.113,"RT @MomCBS: If you missed guest star @KChenoweth in the latest episode of #Mom, not to worry! Watch now: https://t.co/RlvXoGOZ0l https://t.‚Ä¶",7
107,0.4215,Fri Mar 09 21:10:21 +0000 2018,0.0,0.823,@CBS,0.177,"Give a round of applause to @KelseaBallerini, @MirandaLambert, @Reba, @MarenMorris, and @CarrieUnderwood, the five‚Ä¶ https://t.co/Ncp1BTXx6N",8
108,0.8658,Fri Mar 09 18:27:28 +0000 2018,0.0,0.553,@CBS,0.447,"RT @thegoodfight: Smart, sexy, and sophisticated. See what's coming this season on #TheGoodFight. https://t.co/CuKhx2G50P https://t.co/ygTI‚Ä¶",9
109,0.0,Fri Mar 09 16:02:27 +0000 2018,0.0,1.0,@CBS,0.0,RT @BlueBloods_CBS: Even stand-up guys fall down sometimes. #BlueBloods is new tonight at 10/9c! https://t.co/UOlDm22wWW,10
110,0.8625,Thu Mar 08 18:00:49 +0000 2018,0.0,0.664,@CBS,0.336,Today and every day we celebrate the women in our lives who empower and inspire us. Share a story about an¬†influent‚Ä¶ https://t.co/9rVtqrElvT,11
111,0.4926,Thu Mar 08 17:03:04 +0000 2018,0.0,0.868,@CBS,0.132,Take and post a photo of the woman in your life who inspires you daily! Use the hashtag #WomanAmenACM in your post‚Ä¶ https://t.co/7ShhvE48zy,12
112,-0.2023,Wed Mar 07 18:39:10 +0000 2018,0.23,0.619,@CBS,0.15,"RT @thegoodfight: Meticulously constructed. Soapy &amp; sexy. Intoxicating, savage television. üî• Here's what critics are saying about #TheGoodF‚Ä¶",13
113,0.0,Wed Mar 07 17:06:02 +0000 2018,0.0,1.0,@CBS,0.0,"This just in! @Jason_Aldean, @mirandalambert, @LukeBryanOnline, and many more are set to perform at the 53rd Academ‚Ä¶ https://t.co/mfxw2VxzU4",14
114,0.6705,Tue Mar 06 18:10:59 +0000 2018,0.0,0.756,@CBS,0.244,"Meet the ensemble of talented actors slated to join $1, a new mystery series coming to CBS All Access:‚Ä¶ https://t.co/QoyYv7vxwg",15
115,0.3818,Mon Mar 05 22:16:43 +0000 2018,0.0,0.833,@CBS,0.167,"Will @Jason_Aldean, @garthbrooks, @LukeBryanOnline, @ChrisStapleton, or @KeithUrban be named Entertainer Of The Yea‚Ä¶ https://t.co/rMD8zjeX3s",16
116,0.4404,Sun Mar 04 08:05:26 +0000 2018,0.0,0.884,@CBS,0.116,"RT @thegoodfight: It feels good to be back. üë†üíÑüî• The season 2 premiere of #TheGoodFight is now streaming, exclusively on CBS All Access: htt‚Ä¶",17
117,0.0,Sat Mar 03 20:55:20 +0000 2018,0.0,1.0,@CBS,0.0,"RT @thegoodfight: Tomorrow, #TheGoodFight is back. Stream the season 2 premiere only on CBS All Access: https://t.co/tNFR8LBJO2 https://t.c‚Ä¶",18
118,0.7096,Fri Mar 02 22:30:01 +0000 2018,0.0,0.753,@CBS,0.247,"Who are the trailblazing women in your life that inspire you? Join CBS and the ANA's #SeeHer initiative, celebratin‚Ä¶ https://t.co/M0KqZ41Bes",19
119,0.7096,Fri Mar 02 20:30:01 +0000 2018,0.0,0.718,@CBS,0.282,"Join @maria_bello, @aishatyler and @TeaLeoni in celebrating the accomplishments of women who have contributed to th‚Ä¶ https://t.co/MefESBeFL3",20
120,0.4939,Fri Mar 02 18:45:00 +0000 2018,0.0,0.849,@CBS,0.151,"In honor of Women's History Month, CBS and the Association of National Advertisers' (ANA) #SeeHer initiative will p‚Ä¶ https://t.co/2wtYxKJVuO",21
121,-0.6981,Thu Mar 01 18:59:01 +0000 2018,0.21,0.79,@CBS,0.0,RT @ZoeListerJones: Tonight‚Äôs an all new Life In Pieces and it‚Äôs directed by my ride or die @nataliaanderson!!!‚Ä¶ https://t.co/2LPfmyLWrY,22
122,0.4547,Thu Mar 01 18:12:57 +0000 2018,0.092,0.749,@CBS,0.159,"RT @MarenMorris: Hot damn! Woke up from my post-wisdom teeth haze to find out I‚Äôm up for 4 @ACMawards ! So honored, especially for the Dear‚Ä¶",23
123,0.8591,Thu Mar 01 18:11:50 +0000 2018,0.0,0.462,@CBS,0.538,RT @KelseaBallerini: Ohhhhh goodness. Incredible. Thank you thank you thank you. #female https://t.co/1ZTYjNfQeF,24
124,0.4885,Thu Mar 01 18:10:50 +0000 2018,0.151,0.615,@CBS,0.234,RT @KeithUrban: ACMs...... HOLY SMOKES!!!!! MAD LOVE TO U ALL THIS MORNING  FOR THESE INCREDIBLE NOMINATIONS. I‚ÄôM EXTREMELY GRATEFUL!!!!!!!‚Ä¶,25
125,0.5994,Thu Mar 01 14:36:21 +0000 2018,0.0,0.822,@CBS,0.178,"RT @ACMawards: Congratulations to this year‚Äôs #ACMawards Video of the Year nominees:
‚ÄúBlack‚Äù - @DierksBentley
‚ÄúIt Ain‚Äôt My Fault‚Äù - @Brothe‚Ä¶",26
126,0.7717,Thu Mar 01 14:29:20 +0000 2018,0.0,0.675,@CBS,0.325,"RT @ACMawards: Please give a round of applause to this year‚Äôs #ACMawards Entertainer of the Year nominees: @Jason_Aldean, @GarthBrooks, @Lu‚Ä¶",27
127,0.6908,Thu Mar 01 14:15:29 +0000 2018,0.0,0.725,@CBS,0.275,".@ChrisStapleton, @ThomasRhett, @mirandalambert and more are all nominated for awards at Country Music's Party of t‚Ä¶ https://t.co/Vm1vXRUDYJ",28
128,0.0,Thu Mar 01 13:50:11 +0000 2018,0.0,1.0,@CBS,0.0,"The Queen of Country, @Reba, is returning to host the 53rd #ACMawards on Sunday, April 15 at 8/7c. Here are a few o‚Ä¶ https://t.co/Iqzz6Gql01",29
129,0.0,Thu Mar 01 01:04:52 +0000 2018,0.0,1.0,@CBS,0.0,RT @survivorcbs: It‚Äôs time! #Survivor https://t.co/YPk6cGWrUA,30
130,0.0,Wed Feb 28 19:56:58 +0000 2018,0.0,1.0,@CBS,0.0,"RT @CBSThisMorning: TOMORROW: The nominees for the 2018 @ACMawards will be announced live by the one-and-only, @Reba! 

Watch on @CBS in ou‚Ä¶",31
131,0.4404,Wed Feb 28 19:08:30 +0000 2018,0.0,0.884,@CBS,0.116,"RT @thegoodfight: From the set design and costumes to hair and makeup, the production quality is truly next-level. Take a peek inside the u‚Ä¶",32
132,0.5562,Tue Feb 27 03:23:47 +0000 2018,0.0,0.848,@CBS,0.152,RT @LivinBiblically: The fun continues on Facebook! The #LivingBiblically cast is live to talk about tonight‚Äôs premiere. Tune in here: http‚Ä¶,33
133,0.0,Mon Feb 26 22:50:32 +0000 2018,0.0,1.0,@CBS,0.0,"RT @KevinCanWaitCBS: Can you get all the way through these #KevinCanWait bloopers without laughing?! @KevinJames,@LeahRemini and the rest o‚Ä¶",34
134,0.0,Mon Feb 26 21:08:30 +0000 2018,0.0,1.0,@CBS,0.0,"RT @ACMawards: That‚Äôs right! @Reba is headed to @CBSThisMorning on Thursday, March 1 to announce this year‚Äôs #ACMAwards' nominees. Tune in‚Ä¶",35
135,0.4482,Mon Feb 26 19:53:41 +0000 2018,0.0,0.895,@CBS,0.105,"RT @ScorpionCBS: You can't hack your way to a 197 IQ, but you are well on your way with these Genius Facts from #TeamScorpion! üíª You can be‚Ä¶",36
136,0.784,Mon Feb 26 18:32:36 +0000 2018,0.0,0.734,@CBS,0.266,RT @SuperiorDonuts: You can always count on @DavidKoechner for a laugh! Did your favorite Tush moment make the list? Catch a new #SuperiorD‚Ä¶,37
137,0.9359,Mon Feb 26 18:20:16 +0000 2018,0.0,0.571,@CBS,0.429,RT @TheTalkCBS: TODAY: We loved them together then &amp; we love seeing them together now! Welcome back to the show @THESaraGilbert‚Äã's good fri‚Ä¶,38
138,-0.5423,Mon Feb 26 16:53:56 +0000 2018,0.184,0.816,@CBS,0.0,"RT @thegoodfight: As foundations begin to crumble, our characters struggle to make sense of this new dystopian world. The cast teases what'‚Ä¶",39
139,0.0,Mon Feb 26 16:52:01 +0000 2018,0.0,1.0,@CBS,0.0,"#LivingBiblically's @linzkraft and @jrfergjr appeared on @KCBS's Facebook Live this morning, talking all about what‚Ä¶ https://t.co/4RebcHuuMQ",40
140,0.0,Mon Feb 26 16:17:55 +0000 2018,0.0,1.0,@CBS,0.0,"RT @CBSSports: Introducing CBS Sports HQ, a New 24/7 Direct-to-Consumer Streaming Network for Sports News, Highlights, &amp; Analysis.

Stream‚Ä¶",41
141,0.7644,Mon Feb 26 01:12:32 +0000 2018,0.0,0.769,@CBS,0.231,"RT @CBSBigBrother: It‚Äôs down to the final 5 celebrity Houseguests, and anyone could take home the grand prize! Tune in NOW to watch the #BB‚Ä¶",42
142,0.0,Sun Feb 25 21:51:32 +0000 2018,0.0,1.0,@CBS,0.0,RT @startrekcbs: Binge the entire first season of #StarTrekDiscovery. All episodes now streaming exclusively on CBS All Access: https://t.c‚Ä¶,43
143,0.0,Sun Feb 25 21:51:22 +0000 2018,0.0,1.0,@CBS,0.0,"RT @thegoodfight: #TheGoodFight returns in 1 week. Season 2 premieres Sunday, March 4. https://t.co/nomCao1GWp https://t.co/BOn6bOe9Tb",44
144,0.5093,Fri Feb 23 18:15:40 +0000 2018,0.0,0.845,@CBS,0.155,RT @thegoodfight: This is our new favorite thing. Christine Baranski debuted #TheGoodFight the Musical on @colbertlateshow last night! üéµüé§‚Ä¶,45
145,0.0,Thu Feb 22 19:26:52 +0000 2018,0.0,1.0,@CBS,0.0,"RT @LivinBiblically: Confession time: have YOU ever hit the ""close door"" button in an elevator while somebody was approaching? The cast of‚Ä¶",46
146,0.0,Wed Feb 21 19:20:04 +0000 2018,0.0,1.0,@CBS,0.0,RT @CBSEyeSpeak: Mark your calendars! #CBSEyeSpeak kicks off March 14 with The EYE Speak Summit. Follow our page for more details! https://‚Ä¶,47
147,0.6808,Wed Feb 21 18:19:25 +0000 2018,0.0,0.752,@CBS,0.248,"RT @CBSEyeSpeak: Proud to announce a new CBS initiative, promoting female empowerment and developing the next generation of leaders through‚Ä¶",48
148,0.4404,Tue Feb 20 19:55:19 +0000 2018,0.0,0.884,@CBS,0.116,"RT @LivinBiblically: When you're living by the Bible, it's good to have a priest and a rabbi on call (provided they answer their phones, th‚Ä¶",49
149,-0.4019,Tue Feb 20 17:58:18 +0000 2018,0.119,0.881,@CBS,0.0,"RT @thegoodfight: Chicago lawyers are being hunted and the world is going insane. 

The new season of #TheGoodFight premieres Sunday, March‚Ä¶",50
150,0.3612,Tue Feb 20 17:39:51 +0000 2018,0.0,0.872,@CBS,0.128,Ready for some larger than life competition? This new series from @MarkBurnettTV will premiere in summer 2018.‚Ä¶ https://t.co/gDXHLdIJ5v,51
151,0.6124,Sat Feb 17 01:07:20 +0000 2018,0.0,0.773,@CBS,0.227,"With tournament dreams on the line, make sure to stream these college basketball matchups on CBS All Access:‚Ä¶ https://t.co/SGkYUZrQWB",52
152,0.3182,Fri Feb 16 18:42:43 +0000 2018,0.0,0.892,@CBS,0.108,"RT @LivinBiblically: While Chip's sticking to the Bible's original rules, the cast of #LivingBiblically has given them a more modern makeov‚Ä¶",53
153,0.68,Fri Feb 16 17:48:20 +0000 2018,0.0,0.752,@CBS,0.248,"Casting News! Peter Mark Kendall, Michael Gaston, Greg Wise, Rade ≈†erbed≈æija, Zack Pearlman, and Keye Chen join the‚Ä¶ https://t.co/GFob2KrD8H",54
154,0.8619,Wed Feb 14 19:23:27 +0000 2018,0.0,0.534,@CBS,0.466,RT @BullCBS: The verdict is in...#Bull is the perfect Valentine! ‚ù§Ô∏è Happy #ValentinesDay! https://t.co/poEejI4AnC,55
155,0.0,Tue Feb 13 20:03:56 +0000 2018,0.0,1.0,@CBS,0.0,"RT @NoActivityCBS: Car 27 reporting: Season 2 of #NoActivity coming soon!

Binge season one now on CBS All Access: https://t.co/yvxoQMeyhN‚Ä¶",56
156,0.7506,Tue Feb 13 18:54:52 +0000 2018,0.0,0.748,@CBS,0.252,"RT @LivinBiblically: Against all odds (and the advice of his God Squad), Chip is determined to live life by the Good Book. Think you could‚Ä¶",57
157,0.0,Mon Feb 12 18:49:45 +0000 2018,0.0,1.0,@CBS,0.0,RT @thegoodfight: Christine Baranski reflects upon the spectacular metamorphosis of her character in #TheGoodFight's first season. Revisit‚Ä¶,58
158,0.0,Mon Feb 12 01:32:33 +0000 2018,0.0,1.0,@CBS,0.0,RT @startrekcbs: Binge the entire first season of #StarTrekDiscovery. All 15 episodes now streaming on CBS All Access: https://t.co/lKLaptP‚Ä¶,59
159,0.8478,Fri Feb 09 00:50:01 +0000 2018,0.0,0.696,@CBS,0.304,RT @SuperiorDonuts: Looking for a #Valentine? Tush is here to help you land your dream date just in time for the day of love! #SuperiorDonu‚Ä¶,60
160,-0.5859,Thu Feb 08 16:09:35 +0000 2018,0.186,0.814,@CBS,0.0,RT @CBSBigBrother: The pressure is on as the Houseguests battle each other for victory in the first HOH competition. Stream the season prem‚Ä¶,61
161,0.0516,Wed Feb 07 18:35:19 +0000 2018,0.0,0.934,@CBS,0.066,"RT @startrekcbs: Sunday, this season's epic journey reaches its final reckoning. Catch up before the season finale: https://t.co/4Ea5wpmAep‚Ä¶",62
162,0.5574,Wed Feb 07 16:17:48 +0000 2018,0.152,0.536,@CBS,0.312,"Are you a sucker for jaw-dropping talent competitions? Announcing The World's Best, a first-of-its-kind new global‚Ä¶ https://t.co/fagCMklm2Z",63
163,0.0,Tue Feb 06 22:21:39 +0000 2018,0.0,1.0,@CBS,0.0,"RT @BullCBS: Tonight, one of these 3 TAC employees will end up incarcerated. Who do you think it will be? Tune into a new episode of #Bull‚Ä¶",64
164,0.0772,Tue Feb 06 17:05:49 +0000 2018,0.106,0.773,@CBS,0.121,"RT @thegoodfight: There's no season like lawyer season. #TheGoodFight returns March 4, exclusively on CBS All Access. https://t.co/XAlrg1nB‚Ä¶",65
165,0.0,Sun Feb 04 15:35:36 +0000 2018,0.0,1.0,@CBS,0.0,"RT @thegoodfight: The acclaimed series returns in 1 month. #TheGoodFight is back Sunday, March 4. https://t.co/5BNLTYRd8p https://t.co/yInP‚Ä¶",66
166,0.1531,Sun Feb 04 12:00:01 +0000 2018,0.0,0.882,@CBS,0.118,".@KeshaRose's emotional performance with @CyndiLauper, @AndraDayMusic, @BebeRexha and @Camila_Cabello brought the a‚Ä¶ https://t.co/qpgS2e9ir0",67
167,0.0,Sat Feb 03 23:11:43 +0000 2018,0.0,1.0,@CBS,0.0,Broadway legend Patti LuPone paid tribute to Sir Andrew Lloyd Webber with a show-stopping rendition of the iconic s‚Ä¶ https://t.co/GxqLtUzhFP,68
168,0.8268,Sat Feb 03 12:00:07 +0000 2018,0.0,0.662,@CBS,0.338,"Relive an entire night's worth of big wins, live performances and many more inspiring moments from The 60th Annual‚Ä¶ https://t.co/CH7mJ4Y3QT",69
169,-0.0772,Fri Feb 02 22:36:13 +0000 2018,0.075,0.925,@CBS,0.0,RT @swatcbs: ‚ú®@TheTalkCBS' @TheRealEve and @ShemarMoore brought some serious heat to the GRAMMYs red carpet: https://t.co/WYTITKkLQd https:‚Ä¶,70
170,0.4019,Fri Feb 02 20:07:40 +0000 2018,0.0,0.856,@CBS,0.144,"The all-star collaboration between @Rihanna, @DJKhaled and @brysontiller brought the party to the #GRAMMYs with a s‚Ä¶ https://t.co/jTv5QbtgUp",71
171,0.4003,Fri Feb 02 19:03:33 +0000 2018,0.0,0.876,@CBS,0.124,RT @TheTalkCBS: All the #redcarpet looks from the 60th annual #GRAMMYs! Did you catch @TheRealEve's sparkly two-piece suit? Diamond accents‚Ä¶,72
172,0.6114,Fri Feb 02 17:23:18 +0000 2018,0.0,0.834,@CBS,0.166,Go backstage with the celebs and see which stars celebrated the big night together! Here are the moments you missed‚Ä¶ https://t.co/rgQTXRQyLg,73
173,0.0,Thu Feb 01 22:04:41 +0000 2018,0.0,1.0,@CBS,0.0,üé∂ @DearEvanHansen star Ben Platt gave a soaring performance of a classic Broadway hit. Watch him perform 'Somewhere‚Ä¶ https://t.co/HcuizFWo02,74
174,0.0,Thu Feb 01 20:09:49 +0000 2018,0.0,1.0,@CBS,0.0,"üé∏ @LittleBigTown, @U2, @BrunoMars and @Pink are just a few of the superstar performers that lit up the stage at The‚Ä¶ https://t.co/2v0MNYMItG",75
175,0.1139,Wed Jan 31 21:42:15 +0000 2018,0.0,0.912,@CBS,0.088,"Don't miss country stars Emmylou Harris and @ChrisStapleton perform a moving rendition of @TomPetty's classic song,‚Ä¶ https://t.co/GxoIW97XIu",76
176,0.1007,Wed Jan 31 17:05:47 +0000 2018,0.115,0.75,@CBS,0.135,RT @survivorcbs: Get excited! üôå It‚Äôs finally time to meet the castaways of #Survivor: Ghost Island ‚ò† https://t.co/xQQ8ROhKbM https://t.co/P‚Ä¶,77
177,0.4588,Wed Jan 31 16:37:17 +0000 2018,0.0,0.812,@CBS,0.188,"Country stars @EricChurch, @BrothersOsborne and @MarenMorris performed a touching tribute dedicated to the victims‚Ä¶ https://t.co/YCIq9i70fd",78
178,0.1779,Wed Jan 31 06:55:30 +0000 2018,0.095,0.779,@CBS,0.126,Missed the Man vs. Beast #SuperBowlCommercials showdown? Catch up now to find out which entertaining ad was named t‚Ä¶ https://t.co/SlyO0n7yMX,79
179,-0.2263,Wed Jan 31 02:15:16 +0000 2018,0.252,0.569,@CBS,0.179,"RT @rikimae: Ok, that one makes me cry #superbowlcommercials",80
180,-0.4767,Wed Jan 31 01:58:40 +0000 2018,0.256,0.744,@CBS,0.0,"If this doesn‚Äôt make you cry, nothing will. #SuperBowlCommercials https://t.co/UjFf3xr4so",81
181,0.4939,Wed Jan 31 01:52:46 +0000 2018,0.119,0.625,@CBS,0.256,"RT @maverickkr: #superbowlcommercials the frogs were great, I'd forgotten about that one.",82
182,0.5093,Wed Jan 31 01:49:43 +0000 2018,0.0,0.81,@CBS,0.19,"If you haven't voted yet, it's not too late! Choose your favorite here: https://t.co/s4pEIF5IX8‚Ä¶ https://t.co/VCa1YHDyYy",83
183,0.8261,Wed Jan 31 01:31:27 +0000 2018,0.0,0.566,@CBS,0.434,RT @5691e44f3b66446: I am having so much fun ...the commercials are awesome #superbowlcommercials,84
184,0.8309,Wed Jan 31 01:29:10 +0000 2018,0.0,0.586,@CBS,0.414,RT @LittleShelbyMae: Love watching the #superbowlcommercials all the animal ones are my favorite!!,85
185,0.6588,Wed Jan 31 01:24:16 +0000 2018,0.0,0.614,@CBS,0.386,RT @PatHale915: Doritos time machine was great!   #superbowlcommercials,86
186,-0.5106,Wed Jan 31 01:18:37 +0000 2018,0.398,0.602,@CBS,0.0,Never make a goat angry. #SuperBowlCommercials https://t.co/xRJssdAErk,87
187,0.0,Wed Jan 31 01:17:37 +0000 2018,0.0,1.0,@CBS,0.0,RT @MsLindsieStarr: That dang goat! #Doritos #superbowlcommercials,88
188,0.7525,Wed Jan 31 01:16:15 +0000 2018,0.0,0.651,@CBS,0.349,Do you remember this Super Bowl commercial featuring @KevinHart4real playing an overprotective father?‚Ä¶ https://t.co/ejLnTEG5ug,89
189,0.0,Wed Jan 31 01:08:01 +0000 2018,0.0,1.0,@CBS,0.0,RT @dRoy: Homework will take a break for now. #superbowlcommercials on cbs is on üëå,90
190,0.8516,Wed Jan 31 01:04:34 +0000 2018,0.0,0.42,@CBS,0.58,RT @Mixxxalv: Watching #superbowlcommercials let the best win!,91
191,0.8442,Wed Jan 31 01:00:35 +0000 2018,0.0,0.649,@CBS,0.351,Super Bowl Greatest Commercials 2018 hosts @7BOOMERESIASON and @DanielaRuah are moments away from announcing the tw‚Ä¶ https://t.co/cKM1WXPc9u,92
192,0.923,Wed Jan 31 00:55:04 +0000 2018,0.0,0.594,@CBS,0.406,It's Man vs. Beast as these classic Super Bowl spots face off tonight on Super Bowl Greatest Commercials 2018! Tune‚Ä¶ https://t.co/GcoSAcfeUd,93
193,0.5994,Wed Jan 31 00:37:20 +0000 2018,0.0,0.794,@CBS,0.206,"Tonight, get a first look at #ChrisElliott starring in the new @AvosfromMexico Super Bowl Commercial on‚Ä¶ https://t.co/WMEjsZfgdg",94
194,0.8834,Wed Jan 31 00:11:53 +0000 2018,0.0,0.593,@CBS,0.407,"Join @NCISLA's @DanielaRuah and @7BOOMERESIASON on Super Bowl Greatest Commercials 2018, tonight at 8/7c on CBS and‚Ä¶ https://t.co/nzVu1FCRc5",95
195,0.8553,Tue Jan 30 23:35:01 +0000 2018,0.0,0.724,@CBS,0.276,Everyone knows the best part of the Super Bowl is the commercials! Find out how to tune in and vote for your favori‚Ä¶ https://t.co/KGDYl9oF98,96
196,0.8553,Tue Jan 30 21:19:22 +0000 2018,0.0,0.694,@CBS,0.306,Throw it back to this classic Michael Jordan vs. Larry Bird spot tonight on Super Bowl Greatest Commercials 2018! W‚Ä¶ https://t.co/g2H4zV7wIN,97
197,0.9215,Tue Jan 30 18:46:04 +0000 2018,0.0,0.609,@CBS,0.391,"Super Bowl Greatest Commercials 2018 airs tonight! Cast your vote now, then tune in and vote for the winner live at‚Ä¶ https://t.co/h4jGpUheP5",98
198,0.0,Tue Jan 30 16:00:02 +0000 2018,0.0,1.0,@CBS,0.0,Remember when @robinthicke and Lil Wayne (@liltunechi) joined jazz legends on stage at the 51st #GRAMMYs? Watch thi‚Ä¶ https://t.co/2l8gBdOrli,99
199,0.5994,Tue Jan 30 04:03:31 +0000 2018,0.0,0.813,@CBS,0.187,"Tomorrow, catch a sneak peek of the incredible @TiffanyHaddish in her first Super Bowl Commercial for @Groupon on‚Ä¶ https://t.co/RlehujNvFN",100
200,0.0,Thu Mar 15 04:46:04 +0000 2018,0.0,1.0,@CNN,0.0,The rise and fall of Theranos and Elizabeth Holmes https://t.co/pBzcUuFgiq https://t.co/tA97vxZ0uJ,1
201,0.4939,Thu Mar 15 04:31:06 +0000 2018,0.0,0.842,@CNN,0.158,"Republican Sen. Marco Rubio has proposed the ""Sunshine Protection Act,"" which would make Daylight Saving Time perma‚Ä¶ https://t.co/8V9vSh9vIo",2
202,-0.8316,Thu Mar 15 04:26:34 +0000 2018,0.253,0.747,@CNN,0.0,"It is 7 years since the war in Syria began. But how exactly did it begin?

For many Syrians, the story of the war b‚Ä¶ https://t.co/NB9nWWqFCz",3
203,0.0,Thu Mar 15 04:16:24 +0000 2018,0.0,1.0,@CNN,0.0,This 16-year-old was the only one -- out of about 700 students at his North Carolina school -- who walked out of cl‚Ä¶ https://t.co/7t2GJgyjUY,4
204,-0.4939,Thu Mar 15 04:13:44 +0000 2018,0.224,0.672,@CNN,0.104,Plenty of American companies would be at risk in a trade war between the United States and China. But Boeing might‚Ä¶ https://t.co/pbknx7xFuG,5
205,0.3832,Thu Mar 15 04:01:39 +0000 2018,0.099,0.733,@CNN,0.168,These New York City elementary school students sang ‚ÄúPut a Little Love in Your Heart‚Äù during their walkout protest‚Ä¶ https://t.co/k6cuY1buhp,6
206,-0.34,Thu Mar 15 03:50:13 +0000 2018,0.216,0.637,@CNN,0.147,Florida teen held in killing was being investigated by FBI over possible ISIS interest https://t.co/2qtS0dycog,7
207,0.3818,Thu Mar 15 03:45:08 +0000 2018,0.0,0.898,@CNN,0.102,"Find out who and what is making big waves in the worlds of tech, media and innovation. Sign up for PACIFIC, CNN‚Äôs n‚Ä¶ https://t.co/hxOmzQjG1H",8
208,-0.34,Thu Mar 15 03:36:06 +0000 2018,0.138,0.862,@CNN,0.0,A pair of bipartisan lawmakers faulted the White House for a lackluster response to a letter requesting information‚Ä¶ https://t.co/X5cbcFEInv,9
209,0.0,Thu Mar 15 03:31:03 +0000 2018,0.0,1.0,@CNN,0.0,"Unable to obtain drugs to use for its lethal injections, Oklahoma will use inert gas inhalation as the primary meth‚Ä¶ https://t.co/PmHB1Fb2qV",10
210,0.4019,Thu Mar 15 03:28:40 +0000 2018,0.0,0.881,@CNN,0.119,"RT @CNNTonight: Pennsylvania Republican Rep. Charlie Dent says the special U.S. House race was a ""clarion call"" to his colleagues. ""This el‚Ä¶",11
211,-0.5267,Thu Mar 15 03:25:10 +0000 2018,0.152,0.848,@CNN,0.0,The woman who wrote the #ToysRUs jingle says she's been saddened to hear the recent news about the company‚Ä¶ https://t.co/rzhEd5E4Co,12
212,-0.5423,Thu Mar 15 03:16:01 +0000 2018,0.247,0.648,@CNN,0.105,"A full-blown trade war would erase any economic benefits from the Republican tax cuts passed last year, according t‚Ä¶ https://t.co/0gYdw8ECcK",13
213,0.0,Thu Mar 15 03:15:38 +0000 2018,0.0,1.0,@CNN,0.0,"""I was expecting at least one or two people to come outside with me.‚Äù This student was the only one of 700 at his N‚Ä¶ https://t.co/ZFavM6bedi",14
214,-0.4588,Thu Mar 15 03:07:33 +0000 2018,0.162,0.766,@CNN,0.072,"Two Navy aviators have died after their FA-18 fighter jet crashed off the coast of Key West, Florida‚Ä¶ https://t.co/ygQE3R5Xps",15
215,0.0,Thu Mar 15 03:04:02 +0000 2018,0.0,1.0,@CNN,0.0,"Democratic strategist Paul Begala says the ""Republicans are gonna need a bigger yacht"" after the results from the s‚Ä¶ https://t.co/kkn9YhhSCM",16
216,0.0,Thu Mar 15 03:02:59 +0000 2018,0.0,1.0,@CNN,0.0,Here's 20 world-changing inventions from under 20s https://t.co/emdhM6QsXK https://t.co/X0aXJ4Q6lY,17
217,0.0,Thu Mar 15 03:01:06 +0000 2018,0.0,1.0,@CNN,0.0,"""One light may have gone out. But the lights Stephen Hawking lit burn on,"" writes Don Lincoln via @CNNOpinion https://t.co/Y49su3ApGx",18
218,-0.4019,Thu Mar 15 02:54:02 +0000 2018,0.124,0.876,@CNN,0.0,"Michael Avenatti, Stormy Daniels' attorney: ""Oh, what a tangled web we weave when we practice to deceive. ... The s‚Ä¶ https://t.co/Ez1pRihlml",19
219,-0.8126,Thu Mar 15 02:53:08 +0000 2018,0.291,0.709,@CNN,0.0,A Nobel Prize-winning professor's wife who was said to be suffering from Parkinson's disease was found dead at an I‚Ä¶ https://t.co/cFR2x0vif3,20
220,0.2617,Thu Mar 15 02:48:18 +0000 2018,0.0,0.903,@CNN,0.097,"Stoneman Douglas student David Hogg: ""I respect Donald Trump as the President but I think he needs to realize that‚Ä¶ https://t.co/Pmy4zF0Bot",21
221,0.0,Thu Mar 15 02:45:08 +0000 2018,0.0,1.0,@CNN,0.0,Capitol Hill is scrambled once again by the White House's mixed messaging on immigration https://t.co/anPrF7l0pI https://t.co/kOOYlo44H6,22
222,0.2924,Thu Mar 15 02:44:38 +0000 2018,0.0,0.906,@CNN,0.094,"""We are not trying to fight against the Second Amendment here. We're not trying to take your guns. We're trying to‚Ä¶ https://t.co/nNkgQT4ex1",23
223,-0.128,Thu Mar 15 02:43:41 +0000 2018,0.07,0.93,@CNN,0.0,Stoneman Douglas High School student David Hogg says the waves of students who marched out of class to demand stric‚Ä¶ https://t.co/iC5aZBUZZn,24
224,0.0,Thu Mar 15 02:39:53 +0000 2018,0.0,1.0,@CNN,0.0,RT @AC360: Pennsylvania voters react to the tight congressional race that has left Republicans and Democrats asking what's next in Washingt‚Ä¶,25
225,-0.8176,Thu Mar 15 02:38:32 +0000 2018,0.333,0.667,@CNN,0.0,"Paul Manafort has asked a federal judge in DC to dismiss the five criminal charges against him, arguing that specia‚Ä¶ https://t.co/8gqbi8R9Xi",26
226,0.4939,Thu Mar 15 02:36:04 +0000 2018,0.0,0.856,@CNN,0.144,"Lawmakers gather to honor Democratic Rep. Marcy Kaptur, of Ohio's 9th District, as she's expected to shatter the re‚Ä¶ https://t.co/t7AdxjrGYU",27
227,0.5709,Thu Mar 15 02:32:24 +0000 2018,0.0,0.85,@CNN,0.15,Longjing tea is a specialty in Hangzhou and considered one of the most prized tea leaves in China. The quality of t‚Ä¶ https://t.co/IovO2qIiU4,28
228,0.128,Thu Mar 15 02:31:04 +0000 2018,0.111,0.754,@CNN,0.136,Six ways Trump can help stop Russian meddling | By Fred Wertheimer and Norman Eisen via @CNNOpinion‚Ä¶ https://t.co/2NvrfrgfdX,29
229,0.0,Thu Mar 15 02:23:06 +0000 2018,0.0,1.0,@CNN,0.0,It's been a month since the Florida shootings. What's changed? | Analysis by @CillizzaCNN https://t.co/UktCKyTsam https://t.co/IuBDg08w6z,30
230,0.0,Thu Mar 15 02:17:26 +0000 2018,0.0,1.0,@CNN,0.0,"These emails prove Ben and Candy Carson knew about the $31,000 dining set https://t.co/v7sjbRcofw https://t.co/xPok7VxoKw",31
231,0.0772,Thu Mar 15 02:16:05 +0000 2018,0.0,0.929,@CNN,0.071,Mississippi Republican state Sen. Chris McDaniel is dropping his primary challenge to Sen. Roger Wicker to instead‚Ä¶ https://t.co/XjrHdY4zGU,32
232,-0.6249,Thu Mar 15 02:14:15 +0000 2018,0.231,0.769,@CNN,0.0,An Ohio federal district court judge blocked legislation that would have banned abortion in cases where a fetus is‚Ä¶ https://t.co/r0lN1gRW7c,33
233,-0.2263,Thu Mar 15 02:13:36 +0000 2018,0.101,0.899,@CNN,0.0,"Two people were wounded in a shooting at the UAB Hospital-Highlands in Birmingham, Alabama, and the suspected gunma‚Ä¶ https://t.co/hzxnyGqSJj",34
234,-0.4588,Thu Mar 15 02:03:55 +0000 2018,0.227,0.664,@CNN,0.109,"Sen. John Kennedy is calling out United Airlines, demanding an ""immediate explanation"" of the death of a dog on a f‚Ä¶ https://t.co/6eiDEaE1As",35
235,-0.0516,Thu Mar 15 02:01:03 +0000 2018,0.101,0.766,@CNN,0.133,Having high stamina -- the time it takes for you to reach peak exhaustion during exercise -- compared with medium c‚Ä¶ https://t.co/me6sslmO5X,36
236,0.296,Thu Mar 15 01:54:53 +0000 2018,0.0,0.909,@CNN,0.091,"""For Republicans, it is time to get used to life after Hillary, and to the prospect of unlikely voters who aren't i‚Ä¶ https://t.co/F4pwJdgpCW",37
237,-0.2516,Thu Mar 15 01:53:06 +0000 2018,0.169,0.661,@CNN,0.169,"Nearly a decade after the financial crisis, the Senate advanced the most significant changes yet to the 2010 Dodd-F‚Ä¶ https://t.co/UnCXoeYBCI",38
238,0.0,Thu Mar 15 01:47:07 +0000 2018,0.0,1.0,@CNN,0.0,Nigerian President Muhammadu Buhari vowed that his government will never give up until the schoolgirls kidnapped by‚Ä¶ https://t.co/v6Vga36a2O,39
239,0.4939,Thu Mar 15 01:44:49 +0000 2018,0.0,0.868,@CNN,0.132,"On paper, Russian President Vladimir Putin is a man of modest wealth. In reality, he may be one of the world's rich‚Ä¶ https://t.co/zieqPoDDYc",40
240,0.0,Thu Mar 15 01:32:11 +0000 2018,0.0,1.0,@CNN,0.0,"""I don't wanna grow up, I'm a Toys 'R' Us kid.""

You won't be hearing this iconic jingle anymore. After 70 years in‚Ä¶ https://t.co/M7iAMvMSxW",41
241,0.0,Thu Mar 15 01:10:31 +0000 2018,0.0,1.0,@CNN,0.0,A Jewish woman heard an undocumented immigrant and her two daughters were on the run from ICE. Driven by thoughts o‚Ä¶ https://t.co/c9qYXczY6f,42
242,0.0,Thu Mar 15 00:45:34 +0000 2018,0.0,1.0,@CNN,0.0,New documents suggest a deeper link than previously known between the Trump Organization and the company that Trump‚Ä¶ https://t.co/BPioQCNP2q,43
243,0.0,Thu Mar 15 00:30:30 +0000 2018,0.0,1.0,@CNN,0.0,JUST IN: Documents show another Trump Organization attorney is involved in the Stormy Daniels case‚Ä¶ https://t.co/I8QVMyG9TF,44
244,0.128,Thu Mar 15 00:23:55 +0000 2018,0.0,0.897,@CNN,0.103,Stormy Daniels is crowdfunding her legal fees in suit against President Trump https://t.co/jHmXnCwHpb https://t.co/PQNPF32i7B,45
245,0.5859,Thu Mar 15 00:13:19 +0000 2018,0.0,0.808,@CNN,0.192,"Although Stephen Hawking was a British citizen, the theoretical physicist was honored in 2009 with America's highes‚Ä¶ https://t.co/GeJSsuZL4E",46
246,0.0,Thu Mar 15 00:01:19 +0000 2018,0.0,1.0,@CNN,0.0,"Legions of adults who came of age in the 1980s and 1990s can probably still whistle the chain's jingle. But Toys ""R‚Ä¶ https://t.co/LWYOwdEJdd",47
247,0.0,Wed Mar 14 23:53:21 +0000 2018,0.0,1.0,@CNN,0.0,"Irgo, a 10-year-old German Shepherd, is set to fly first class with a human escort for the trip home https://t.co/5kYUYMZ45g",48
248,-0.0258,Wed Mar 14 23:52:06 +0000 2018,0.134,0.737,@CNN,0.129,"United Airlines wrongly shipped a Kansas-bound pet dog to Japan, the second embarrassment this week for the airline‚Ä¶ https://t.co/8BuEqsFUOV",49
249,0.4939,Wed Mar 14 23:36:46 +0000 2018,0.0,0.824,@CNN,0.176,"Stormy Daniels' friend says President Trump ""would call all the time"" during their affair https://t.co/bxaLuuwUYl https://t.co/cz7pF3VSVg",50
250,0.25,Wed Mar 14 23:32:34 +0000 2018,0.0,0.905,@CNN,0.095,"The Senate has passed a bill that rolls back parts of the Dodd-Frank banking law, easing regulations on some banks‚Ä¶ https://t.co/CgciTBZDtT",51
251,0.5267,Wed Mar 14 23:17:34 +0000 2018,0.0,0.825,@CNN,0.175,Democrats in Washington believe they have found a winning strategy in Trump country: don't nationalize the race‚Ä¶ https://t.co/y1uj6Lrnzr,52
252,0.5719,Wed Mar 14 23:14:42 +0000 2018,0.0,0.711,@CNN,0.289,"Exclusive: Inside the US nuclear submarine challenging Russia in the Arctic, capable of launching a two-ton, 20-foo‚Ä¶ https://t.co/FHjtkh9a26",53
253,0.0,Wed Mar 14 23:14:01 +0000 2018,0.0,1.0,@CNN,0.0,Rick Saccone's campaign has instructed the four counties in Pennsylvania's 18th District to preserve ballots and vo‚Ä¶ https://t.co/yNkDQW4QSk,54
254,0.0772,Wed Mar 14 23:06:01 +0000 2018,0.0,0.936,@CNN,0.064,"As the #MeToo movement rallies women to challenge systems of power, some look back at Facebook COO Sheryl Sandberg'‚Ä¶ https://t.co/sa8alCAgRm",55
255,-0.4215,Wed Mar 14 23:02:08 +0000 2018,0.141,0.859,@CNN,0.0,"Chipotle executive Mark Crumpacker, who made news in 2016 for pleading guilty to misdemeanor cocaine possession, ha‚Ä¶ https://t.co/li0JvUUTzh",56
256,-0.5267,Wed Mar 14 23:00:31 +0000 2018,0.139,0.861,@CNN,0.0,"The woman who wrote the Toys ""R"" Us jingle says she's been saddened to hear the recent news about the company‚Ä¶ https://t.co/lLweZ9E7Al",57
257,0.0,Wed Mar 14 22:41:52 +0000 2018,0.0,1.0,@CNN,0.0,"BREAKING: Toys ""R"" Us is closing its doors after 70 years in business. https://t.co/cFclxh5sdF

The iconic toy reta‚Ä¶ https://t.co/APW41zFyGb",58
258,0.5106,Wed Mar 14 22:37:39 +0000 2018,0.0,0.864,@CNN,0.136,"A Navy F/A-18 jet crashed off the coast of Key West, Florida. The crew ejected, and search and rescue efforts are u‚Ä¶ https://t.co/2PwF0EJYxg",59
259,0.0,Wed Mar 14 22:29:01 +0000 2018,0.0,1.0,@CNN,0.0,"Russian President Vladimir Putin visited Crimea ahead of Sunday's presidential election.

Sunday will mark four yea‚Ä¶ https://t.co/LnVYZ0WUI2",60
260,-0.3182,Wed Mar 14 22:15:39 +0000 2018,0.108,0.892,@CNN,0.0,Ford is recalling 1.4 million vehicles because the steering wheels can become loose and even come off while driving https://t.co/MIQmV5Utxq,61
261,0.0516,Wed Mar 14 22:00:51 +0000 2018,0.122,0.676,@CNN,0.203,"Exclusive: The Department of Defense charged nearly $140,000 at Trump-branded properties https://t.co/K1PrKqD8R3 https://t.co/d0U2nUqpE7",62
262,0.4215,Wed Mar 14 21:52:05 +0000 2018,0.0,0.872,@CNN,0.128,United Airlines has had the highest rate of pet deaths of any US airline for the past three years.‚Ä¶ https://t.co/ehSrgsprPH,63
263,-0.2023,Wed Mar 14 21:48:26 +0000 2018,0.136,0.758,@CNN,0.106,Three times as many animals died on United Airlines flights last year than on all the other US carriers put togethe‚Ä¶ https://t.co/3AbXHCciki,64
264,-0.5267,Wed Mar 14 21:26:08 +0000 2018,0.159,0.841,@CNN,0.0,YouTube says it will start displaying Wikipedia articles next to conspiracy theory videos as part of a broader effo‚Ä¶ https://t.co/onyJfAaidK,65
265,-0.7184,Wed Mar 14 21:19:29 +0000 2018,0.319,0.58,@CNN,0.101,"Whether pushing for action on gun violence or sharing the names of the 17 Parkland victims, students' signs during‚Ä¶ https://t.co/HWQqCy5m0e",66
266,0.0772,Wed Mar 14 21:09:34 +0000 2018,0.0,0.933,@CNN,0.067,".@jaketapper: ""What do you think the odds are"" that you will challenge President Trump?     
 
GOP Sen. Jeff Flake:‚Ä¶ https://t.co/tYBnE2UM9O",67
267,0.0,Wed Mar 14 20:57:29 +0000 2018,0.0,1.0,@CNN,0.0,"White House trade adviser Peter Navarro told @jaketapper 10 days ago that Trump‚Äôs new economic adviser pick, Larry‚Ä¶ https://t.co/p0vU4IkmLK",68
268,-0.4215,Wed Mar 14 20:54:45 +0000 2018,0.149,0.851,@CNN,0.0,The Dow slid 249 points as President Trump escalated threats to clamp down on China https://t.co/bfAXsz3dZW https://t.co/KQWvpFlRqg,69
269,0.0,Wed Mar 14 20:46:50 +0000 2018,0.0,1.0,@CNN,0.0,"""If we don't take immediate concrete measures to address this now, Salisbury will not be the last place we see chem‚Ä¶ https://t.co/AxO8Qa3Qjs",70
270,0.743,Wed Mar 14 20:42:01 +0000 2018,0.0,0.73,@CNN,0.27,"US Ambassador to the UN Nikki Haley said the Trump administration ""stands in absolute solidarity with Great Britain‚Ä¶ https://t.co/35TU9npMS7",71
271,0.0,Wed Mar 14 20:23:03 +0000 2018,0.0,1.0,@CNN,0.0,This 16-year-old was the only one -- out of about 700 students at his North Carolina school -- who walked out of cl‚Ä¶ https://t.co/ILaMK5iQah,72
272,0.5719,Wed Mar 14 20:09:30 +0000 2018,0.0,0.837,@CNN,0.163,"President Trump's tapping of TV personality Larry Kudlow as his new economic adviser ""is a perfect kind of an appoi‚Ä¶ https://t.co/KNADuLMgxv",73
273,0.0,Wed Mar 14 20:01:11 +0000 2018,0.0,1.0,@CNN,0.0,"7% of astronaut Scott Kelly's genes did not return to normal after his return to Earth two years ago, according to‚Ä¶ https://t.co/zlRKAVwiyV",74
274,0.3252,Wed Mar 14 19:51:01 +0000 2018,0.0,0.896,@CNN,0.104,A judge entered a plea of not guilty on the Parkland shooter's behalf as the teen was arraigned in last month's mas‚Ä¶ https://t.co/ZF6hOUO6GK,75
275,0.4404,Wed Mar 14 19:44:00 +0000 2018,0.0,0.838,@CNN,0.162,Sen. Chuck Schumer wants Toys 'R' Us to cash out your unused gift cards https://t.co/4TqxlqNdW1 https://t.co/qPe4vnDaJ7,76
276,-0.6808,Wed Mar 14 19:29:05 +0000 2018,0.248,0.752,@CNN,0.0,Newly released 911 calls from the Parkland school shooting illustrate the uncertainty and fear in the first chaotic‚Ä¶ https://t.co/ciOttvbmsm,77
277,-0.1779,Wed Mar 14 19:23:21 +0000 2018,0.162,0.747,@CNN,0.091,"In a show of unity and political solidarity, waves of students marched out of class to demand stricter gun laws and‚Ä¶ https://t.co/ZoY3Zh16IW",78
278,0.7184,Wed Mar 14 19:16:05 +0000 2018,0.0,0.667,@CNN,0.333,"A strong handshake could be an indication of a healthy heart, a new study suggests https://t.co/70sHNk6ueB https://t.co/cC9tY0lHDB",79
279,-0.4019,Wed Mar 14 19:09:37 +0000 2018,0.137,0.863,@CNN,0.0,People riding in self-driving cars that crash could find themselves unable to hold the manufacturer accountable if‚Ä¶ https://t.co/deLZWfvwlk,80
280,0.0,Wed Mar 14 19:05:06 +0000 2018,0.0,1.0,@CNN,0.0,"""Don't listen to people who tell you you're too young"": Portland Mayor Ted Wheeler wrote a letter expressing his so‚Ä¶ https://t.co/VpYJZR39fk",81
281,0.0,Wed Mar 14 19:01:05 +0000 2018,0.0,1.0,@CNN,0.0,"Students spelled out ""#Enough"" on the football field after walking out of class at Granada Hills Charter High Schoo‚Ä¶ https://t.co/KWSfuf39fe",82
282,0.5556,Wed Mar 14 18:58:45 +0000 2018,0.0,0.787,@CNN,0.213,"A Jamaican songwriter claims that Miley Cyrus' 2013 party anthem ""We Can't Stop"" features lyrics that infringe on h‚Ä¶ https://t.co/CIZLkQLqjz",83
283,-0.2732,Wed Mar 14 18:55:22 +0000 2018,0.208,0.792,@CNN,0.0,How the Trump vote collapsed in Pennsylvania https://t.co/TSs0vImE0F https://t.co/BKHRewlK2i,84
284,-0.4767,Wed Mar 14 18:46:51 +0000 2018,0.232,0.664,@CNN,0.104,"""People seem to forget that we're kids who just went through a traumatic experience."" FL school shooting survivor L‚Ä¶ https://t.co/LPJGIoUYq0",85
285,-0.802,Wed Mar 14 18:41:30 +0000 2018,0.325,0.675,@CNN,0.0,"While crowds of people participated in walkouts calling for some sort of action against gun violence, the NRA made‚Ä¶ https://t.co/iUqHHzYx73",86
286,0.0,Wed Mar 14 18:30:03 +0000 2018,0.0,1.0,@CNN,0.0,Republicans may be in a 2018 nightmare they can't wake up from | Analysis by @CillizzaCNN https://t.co/dMHwX6VHbz https://t.co/nowcyYrEzD,87
287,-0.4019,Wed Mar 14 18:20:09 +0000 2018,0.273,0.621,@CNN,0.106,These students did not walk out to protest tougher gun laws https://t.co/IQi2WHdZhJ https://t.co/UraVh97v39,88
288,0.0,Wed Mar 14 18:09:00 +0000 2018,0.0,1.0,@CNN,0.0,"Students at a Los Angeles school held a die-in spelling #ENOUGH with their bodies as a gong sounded 17 times, one f‚Ä¶ https://t.co/TkKSrs07tM",89
289,0.0,Wed Mar 14 18:08:00 +0000 2018,0.0,1.0,@CNN,0.0,Stephen Hawking became a pop culture icon by explaining the mysteries of the universe to a mass audience -- while r‚Ä¶ https://t.co/uGY4iasCvn,90
290,-0.34,Wed Mar 14 17:57:40 +0000 2018,0.112,0.888,@CNN,0.0,JUST IN: Attorney General Jeff Sessions is considering firing former FBI Deputy Director Andrew McCabe. He is set t‚Ä¶ https://t.co/SQCzdPxonz,91
291,-0.2732,Wed Mar 14 17:50:06 +0000 2018,0.084,0.916,@CNN,0.0,About half of all plants and animals in 35 of the world's most biodiverse places are at risk of extinction due to c‚Ä¶ https://t.co/RMFefnbuG6,92
292,0.5318,Wed Mar 14 17:46:00 +0000 2018,0.0,0.826,@CNN,0.174,"Munich, Germany, is a long way from the ocean and it's pretty darn cold this time of year, but that doesn't stop so‚Ä¶ https://t.co/uut7kS4tmq",93
293,-0.4767,Wed Mar 14 17:39:05 +0000 2018,0.147,0.853,@CNN,0.0,The White House is trying to distance itself from a poor showing by the Republican candidate in the Pennsylvania's‚Ä¶ https://t.co/jewBjWD74N,94
294,-0.5719,Wed Mar 14 17:29:30 +0000 2018,0.23,0.671,@CNN,0.099,"Across the United States, students are walking out of school to say enough is enough with regards to gun violence a‚Ä¶ https://t.co/Bj3mMv1FLy",95
295,0.0,Wed Mar 14 17:16:15 +0000 2018,0.0,1.0,@CNN,0.0,BREAKING: President Trump names economist and conservative media analyst Larry Kudlow to head National Economic Cou‚Ä¶ https://t.co/t9YrV95Z2Z,96
296,0.3612,Wed Mar 14 16:45:06 +0000 2018,0.0,0.894,@CNN,0.106,"""I'll control my own guns, thank you,"" the NRA tweeted as thousands of students walked out of schools across the na‚Ä¶ https://t.co/XnSs9fin1o",97
297,-0.2732,Wed Mar 14 16:34:29 +0000 2018,0.104,0.896,@CNN,0.0,Former Trump campaign aide Sam Nunberg says he warned Roger Stone about associating with WikiLeaks founder Julian A‚Ä¶ https://t.co/hFEXvQFVvd,98
298,0.0,Wed Mar 14 16:23:41 +0000 2018,0.0,1.0,@CNN,0.0,RT @CNNPhotos: Stephen Hawking‚Äôs life in pictures: https://t.co/xdfuPBDhZm https://t.co/Ri2WD2w7H1,99
299,0.0,Wed Mar 14 16:15:01 +0000 2018,0.0,1.0,@CNN,0.0,"Students in Littleton, Colorado ‚Äî the site of the 1999 Columbine high school shooting ‚Äî 
 are walking out of school‚Ä¶ https://t.co/cBtYXrO0QK",100
300,-0.6808,Thu Mar 15 04:55:00 +0000 2018,0.295,0.705,@FoxNews,0.0,Alaska Airlines female co-pilot claims male pilot drugged and raped her https://t.co/tGdLMQQbAq,1
301,-0.34,Thu Mar 15 04:50:00 +0000 2018,0.124,0.876,@FoxNews,0.0,Sources: AG Sessions is considering firing former @FBI Deputy Director McCabe before his retirement; that would mea‚Ä¶ https://t.co/78yZomz8EN,2
302,0.0,Thu Mar 15 04:45:00 +0000 2018,0.0,1.0,@FoxNews,0.0,"McMaster, Shulkin and Kelly could be next to go in White House 'bloodbath,' sources say https://t.co/BkCkDhLefn",3
303,0.0,Thu Mar 15 04:40:00 +0000 2018,0.0,1.0,@FoxNews,0.0,".@kayleighmcenany: ""You look across the country - moderate Democrats are being run out by their voters."" https://t.co/eLNHUsdL93",4
304,-0.6705,Thu Mar 15 04:35:00 +0000 2018,0.257,0.743,@FoxNews,0.0,"Man who claimed he cremated Natalee Holloway killed while attempting kidnapping, police say https://t.co/liKxH8g9lJ",5
305,0.0,Thu Mar 15 04:30:00 +0000 2018,0.0,1.0,@FoxNews,0.0,.@marcorubio: ‚ÄúStates need to follow federal law.‚Äù https://t.co/ryen76WyZV,6
306,-0.7964,Thu Mar 15 04:25:00 +0000 2018,0.503,0.497,@FoxNews,0.0,Kaya Jones goes off on gun control protesters in fiery Twitter rant https://t.co/oMZlHKhhi2,7
307,0.0,Thu Mar 15 04:20:00 +0000 2018,0.0,1.0,@FoxNews,0.0,"Dennis Muilenburg, Chairman, President, &amp; CEO of the Boeing Company: ‚ÄúOn day one of tax reform, we announced an inv‚Ä¶ https://t.co/yMUrNGZmsU",8
308,0.0,Thu Mar 15 04:15:00 +0000 2018,0.0,1.0,@FoxNews,0.0,"Gunman shoots 2 at Birmingham hospital before shooting self, police say https://t.co/zp2lq4qEvi",9
309,0.4404,Thu Mar 15 04:10:00 +0000 2018,0.0,0.805,@FoxNews,0.195,"Terence Shigg, border patrol agent: ""It‚Äôs easy to prove that walls work.‚Äù https://t.co/Ci60hLSape",10
310,-0.2263,Thu Mar 15 04:05:00 +0000 2018,0.16,0.84,@FoxNews,0.0,US federal judge dismisses lawsuit filed by 'clock boy's' father https://t.co/tMP7pTpLqW,11
311,0.1027,Thu Mar 15 04:01:00 +0000 2018,0.082,0.82,@FoxNews,0.098,".@POTUS: ‚Äú6 months ago, I promised that we would cut taxes to bring Main Street roaring all the way back, and we di‚Ä¶ https://t.co/wiyT7ibgwK",12
312,0.4019,Thu Mar 15 03:55:00 +0000 2018,0.0,0.847,@FoxNews,0.153,".@JesseBWatters: ""I found some interesting polling... 74% of Californians oppose sanctuary cities. 65% of Hispanics‚Ä¶ https://t.co/opIcXUoVur",13
313,-0.7964,Thu Mar 15 03:52:16 +0000 2018,0.574,0.426,@FoxNews,0.0,"Dylann Roof's sister arrested on weapons, drug charges https://t.co/YQ3cjwFzqL",14
314,0.4215,Thu Mar 15 03:48:12 +0000 2018,0.0,0.797,@FoxNews,0.203,"Multimillionaire Robert De Niro slams 'rich,' 'spoiled' #Trump at charity event https://t.co/Dj6Ec7eISL",15
315,-0.5106,Thu Mar 15 03:35:45 +0000 2018,0.148,0.852,@FoxNews,0.0,.@KyleKashuv on Parkland school shooting: ‚ÄúThe issue was the Broward Sheriff‚Äôs Office and the FBI failed on so many‚Ä¶ https://t.co/CmWuq8vJoz,16
316,0.4404,Thu Mar 15 03:18:36 +0000 2018,0.0,0.868,@FoxNews,0.132,".@RepDeSantis on Gina Haspel nomination for CIA: ‚ÄúI think it was a good pick, and I think she should be confirmed.‚Äù‚Ä¶ https://t.co/o9bpQ7iSxJ",17
317,0.0772,Thu Mar 15 03:13:43 +0000 2018,0.0,0.929,@FoxNews,0.071,".@POTUS: ‚ÄúI keep telling these countries ‚ÄòNo, you have to buy American. I want you to buy American.‚Äô‚Äù https://t.co/I0ChgnunML",18
318,0.0,Thu Mar 15 02:54:35 +0000 2018,0.0,1.0,@FoxNews,0.0,.@marklevinshow: Adam Schiff Is 'A Shill for the Russian Government' https://t.co/Zu1MwxG1o5,19
319,0.5106,Thu Mar 15 02:50:47 +0000 2018,0.0,0.809,@FoxNews,0.191,.@pizzahut's new Pie Tops II shoes let you order pizza and pause live TV https://t.co/4ogcbl87pl,20
320,0.0,Thu Mar 15 02:47:28 +0000 2018,0.0,1.0,@FoxNews,0.0,".@TomiLahren on @foxandfriends: ‚ÄúEvery time Hillary Clinton opens her mouth, we are reminded why we voted for Donal‚Ä¶ https://t.co/lhddTZBcoJ",21
321,-0.1027,Thu Mar 15 02:38:40 +0000 2018,0.091,0.909,@FoxNews,0.0,"OPINION: Sens. Cruz, Lee, Reps. Meadows, Jordan: We must end the ObamaCare bailout now https://t.co/dyHgRqO7KM",22
322,-0.6705,Thu Mar 15 02:32:05 +0000 2018,0.257,0.743,@FoxNews,0.0,"Man who claimed he cremated Natalee Holloway killed while attempting kidnapping, police say https://t.co/6dLmVO2SqB",23
323,0.5719,Thu Mar 15 02:28:46 +0000 2018,0.0,0.734,@FoxNews,0.266,Man @katyperry surprise kissed on 'American Idol' reveals he wasn't into it at all https://t.co/EWeeJ53yAW,24
324,0.7506,Thu Mar 15 02:22:48 +0000 2018,0.0,0.61,@FoxNews,0.39,Teary School Cafeteria Employee Thanks @realDonaldTrump For Bonus from Tax Plan https://t.co/kWUgXSbPpT,25
325,-0.5106,Thu Mar 15 02:17:56 +0000 2018,0.193,0.807,@FoxNews,0.0,"Jitu Brown on Chicago student walkouts: ""This was not about young people being parroted or manipulated by adults. I‚Ä¶ https://t.co/boTOBcR6Jg",26
326,-0.743,Thu Mar 15 02:10:07 +0000 2018,0.344,0.656,@FoxNews,0.0,UPDATE: Navy says both aviators in jet crash off Key West have died https://t.co/h93Pwu4XJf,27
327,-0.1027,Thu Mar 15 02:03:50 +0000 2018,0.076,0.924,@FoxNews,0.0,Daily Wire editor @benshapiro sat down with @marthamaccallum on #TheStory on Wednesday and questioned calls to rais‚Ä¶ https://t.co/7cLTnFFSDR,28
328,0.0,Thu Mar 15 01:58:38 +0000 2018,0.0,1.0,@FoxNews,0.0,.@TuckerCarlson: @SenWarren Claiming Cherokee Heritage Is 'Identity Theft' #Tucker https://t.co/LP6ZA3sPsq,29
329,-0.34,Thu Mar 15 01:52:53 +0000 2018,0.146,0.854,@FoxNews,0.0,Attorney General Jeff Sessions mulling firing FBI Deputy Director Andrew McCabe before he retires https://t.co/D1xTqMrI30,30
330,-0.3612,Thu Mar 15 01:45:14 +0000 2018,0.172,0.828,@FoxNews,0.0,'That's Not Helpful': Ohio Democrat Takes on Hillary for Criticizing #Trump Voters https://t.co/sipTo8zLfF,31
331,0.0,Thu Mar 15 01:37:20 +0000 2018,0.0,1.0,@FoxNews,0.0,Native American overdose deaths surge since opioid epidemic https://t.co/PTThbs17Gu,32
332,-0.4588,Thu Mar 15 01:24:55 +0000 2018,0.276,0.641,@FoxNews,0.083,'Angel families' want to see Oakland mayor prosecuted for thwarting ICE raids https://t.co/kUoBdShTZI,33
333,0.0,Thu Mar 15 01:11:30 +0000 2018,0.152,0.696,@FoxNews,0.152,Singer @KayaJones shared her thoughts regarding gun control on Twitter Wednesday. https://t.co/kO4dugXkJ8 https://t.co/KKnlxQIFkz,34
334,0.0,Thu Mar 15 01:02:20 +0000 2018,0.0,1.0,@FoxNews,0.0,.@USNavy @BlueAngels performed a fly-by over @USMC Air Station Yuma on Wednesday. The Blue Angels are unable to att‚Ä¶ https://t.co/tLkna23b03,35
335,-0.4404,Thu Mar 15 00:54:35 +0000 2018,0.218,0.782,@FoxNews,0.0,"Austin police reveal timeline of package explosions, warn residents to be 'aware' of suspicious boxes https://t.co/RFq43zKXTy",36
336,-0.2023,Thu Mar 15 00:47:44 +0000 2018,0.159,0.721,@FoxNews,0.12,"Twila Barnes on @SenWarren's heritage: ""Many [Native Americans] are angry because they feel like she's appropriatin‚Ä¶ https://t.co/e7gKLHm5cS",37
337,0.0,Thu Mar 15 00:40:03 +0000 2018,0.0,1.0,@FoxNews,0.0,.@POTUS arrives at Joint Base Andrews after a trip to The @Boeing Company in Missouri. #Tucker‚Ä¶ https://t.co/Gm5JWm30xT,38
338,0.6369,Thu Mar 15 00:33:14 +0000 2018,0.0,0.543,@FoxNews,0.457,Pi(e) Day's best deals #PiDay https://t.co/7cDWzo8zXI,39
339,-0.6486,Thu Mar 15 00:25:58 +0000 2018,0.223,0.777,@FoxNews,0.0,Donna Butterworth dead; former child star who worked with Elvis and Jerry Lewis was 62 https://t.co/Z0CQtpcYKP,40
340,0.0,Thu Mar 15 00:20:03 +0000 2018,0.0,1.0,@FoxNews,0.0,OPINION: America shouldn't send endangered religious minority refugees back to Iran https://t.co/IzUAxADJkC,41
341,0.0,Thu Mar 15 00:12:27 +0000 2018,0.0,1.0,@FoxNews,0.0,"On ""@foxandfriends ,"" @TomiLahren did not mince words when talking about @HillaryClinton.  https://t.co/bdSptnwSy1 https://t.co/3byIM1CK0w",42
342,0.3182,Thu Mar 15 00:07:29 +0000 2018,0.0,0.753,@FoxNews,0.247,Study finds pizza can increase work productivity https://t.co/Qtw7FdGpFL,43
343,0.0,Thu Mar 15 00:01:15 +0000 2018,0.0,1.0,@FoxNews,0.0,Conservative McDaniel switches races in Mississippi‚Äôs double-barreled Senate contest https://t.co/bDpKrNzFDd,44
344,-0.1027,Wed Mar 14 23:56:07 +0000 2018,0.165,0.685,@FoxNews,0.149,".@benshapiro: ‚ÄúThe wonderful thing about Hillary Clinton is she is #1, the worst candidate in American history, bar‚Ä¶ https://t.co/Y38VXqCMFX",45
345,-0.4019,Wed Mar 14 23:51:58 +0000 2018,0.105,0.895,@FoxNews,0.0,".@benshapiro: ‚ÄúIf you can serve in the military at 18, and you can vote at 18, then what is the problem, exactly, w‚Ä¶ https://t.co/764aPgkYUp",46
346,-0.6124,Wed Mar 14 23:48:29 +0000 2018,0.217,0.783,@FoxNews,0.0,".@benshapiro: ‚Äú[The media have] been putting forward this message that if you disagree with them on gun control, th‚Ä¶ https://t.co/8ff0kVMc9n",47
347,0.1027,Wed Mar 14 23:46:34 +0000 2018,0.158,0.658,@FoxNews,0.184,United sends family's dog to Japan instead of Kansas by mistake https://t.co/hTAHEUQz9z,48
348,0.0,Wed Mar 14 23:30:58 +0000 2018,0.0,1.0,@FoxNews,0.0,President #Trump could be making more changes to his Cabinet this week in the wake of Secretary of State Rex Tiller‚Ä¶ https://t.co/YjWjUL0fRI,49
349,-0.5719,Wed Mar 14 23:22:09 +0000 2018,0.222,0.778,@FoxNews,0.0,.@facebook bans far-right group Britain First and its leadership in hate speech clampdown https://t.co/mKYu1GeK1r,50
350,0.0,Wed Mar 14 23:19:30 +0000 2018,0.0,1.0,@FoxNews,0.0,.@Ford recalling 1.4 million cars because the steering wheels can fall off https://t.co/40R5olRGhw,51
351,-0.5719,Wed Mar 14 23:15:28 +0000 2018,0.188,0.812,@FoxNews,0.0,CLOSE CALL: Surveillance video captured the terrifying moment a speeding car nearly hit a police officer and a gas‚Ä¶ https://t.co/3Xhcoesohy,52
352,-0.0516,Wed Mar 14 23:06:57 +0000 2018,0.169,0.674,@FoxNews,0.157,"United flight attendant who forced dog into overhead bin 'lying,' owner's daughter says https://t.co/dkjnURi4CS",53
353,0.2716,Wed Mar 14 23:05:05 +0000 2018,0.0,0.905,@FoxNews,0.095,".@SteveHiltonx on Russia relations: ""The most important thing that can be done is to hit Putin and Russia where it‚Ä¶ https://t.co/Ei6mpSFLMr",54
354,0.3818,Wed Mar 14 23:01:26 +0000 2018,0.0,0.88,@FoxNews,0.12,"Steve Hayes on Russia relations: ""There are many ways in which @POTUS can send a clear and unambiguous message that‚Ä¶ https://t.co/JU6g8Q7jDE",55
355,0.0,Wed Mar 14 22:57:05 +0000 2018,0.101,0.756,@FoxNews,0.143,".@MoElleithee on Russian spy poisoning: ""We need to engage the @UN and the security council, but it all rings hollo‚Ä¶ https://t.co/HQVz1aetft",56
356,0.3818,Wed Mar 14 22:49:03 +0000 2018,0.0,0.867,@FoxNews,0.133,"'This Race Is Over': DNC Chair Says PA Election Outcome Clear, Moves On to Key Senate Race https://t.co/efXSAAeA2D",57
357,-0.7351,Wed Mar 14 22:45:41 +0000 2018,0.341,0.659,@FoxNews,0.0,"Andrew McCabe controversies, from the Trump text scandal to his wife's failed campaign https://t.co/nbchp1G1Pl",58
358,0.0516,Wed Mar 14 22:41:04 +0000 2018,0.219,0.547,@FoxNews,0.234,.@SecretaryPerry denies interest in replacing VA Secretary Shulkin https://t.co/lO4oBwtVbd,59
359,-0.2263,Wed Mar 14 22:34:16 +0000 2018,0.16,0.84,@FoxNews,0.0,US federal judge dismisses lawsuit filed by 'clock boy's' father https://t.co/7yj6SuzCS9,60
360,0.3182,Wed Mar 14 22:29:07 +0000 2018,0.0,0.897,@FoxNews,0.103,".@TomPerez on election 2016: ""What [Dems have] been doing is looking forward to make sure we learn from our mistake‚Ä¶ https://t.co/r0yiRBu7tt",61
361,0.2023,Wed Mar 14 22:22:42 +0000 2018,0.0,0.816,@FoxNews,0.184,"Who is Larry Kudlow, Trump's top economic aide? https://t.co/nr5bQD8CFa",62
362,0.0,Wed Mar 14 22:19:40 +0000 2018,0.0,1.0,@FoxNews,0.0,January 2018 fundraising amounts by the @DNC and @GOP. #SpecialReport https://t.co/NZiSqJCNib,63
363,0.2144,Wed Mar 14 22:17:28 +0000 2018,0.0,0.911,@FoxNews,0.089,".@TomPerez on PA special election: ""I think this race is over. @Saccone4PA18 can contest it but I think it's gonna‚Ä¶ https://t.co/ht81W3VTf6",64
364,0.0,Wed Mar 14 22:07:42 +0000 2018,0.0,1.0,@FoxNews,0.0,RT @FoxBusiness: Retail Apocalypse: 23 big retailers closing stores https://t.co/y7Y8hhdGPZ,65
365,0.0,Wed Mar 14 22:03:26 +0000 2018,0.0,1.0,@FoxNews,0.0,".@NorthwesternU experiences 'swatting incident' after false reports of gunman, police say https://t.co/WolLnMRnPw",66
366,0.0,Wed Mar 14 22:00:49 +0000 2018,0.0,1.0,@FoxNews,0.0,"BREAKING: Navy F/A-18 jet crashes off Key West, official tells Fox News https://t.co/gIp7pJxbGV",67
367,0.7506,Wed Mar 14 21:56:17 +0000 2018,0.0,0.61,@FoxNews,0.39,Teary School Cafeteria Employee Thanks @realDonaldTrump For Bonus from Tax Plan https://t.co/kWUgXSbPpT,68
368,0.4019,Wed Mar 14 21:48:33 +0000 2018,0.0,0.847,@FoxNews,0.153,".@JesseBWatters: ""I found some interesting polling... 74% of Californians oppose sanctuary cities. 65% of Hispanics‚Ä¶ https://t.co/oxOsyJhI6N",69
369,0.6369,Wed Mar 14 21:47:23 +0000 2018,0.0,0.819,@FoxNews,0.181,".@kimguilfoyle: ""This is the best thing to happen to @TheDemocrats because they've been dying to get rid of [‚Ä¶ https://t.co/htijwybjR9",70
370,0.0,Wed Mar 14 21:47:12 +0000 2018,0.0,1.0,@FoxNews,0.0,"St. Joseph Academy students, faculty and staff walked out of their classrooms Wednesday, the school saying on socia‚Ä¶ https://t.co/ycmo6HgRRx",71
371,-0.2755,Wed Mar 14 21:46:04 +0000 2018,0.131,0.869,@FoxNews,0.0,".@JesseBWatters: ""[@HillaryClinton] doesn't like the American people. She thinks half of them are deplorable.""‚Ä¶ https://t.co/mAyNHagrwU",72
372,0.2023,Wed Mar 14 21:43:19 +0000 2018,0.0,0.833,@FoxNews,0.167,"Top Dem: GOP Invoking Pelosi in Campaigns is 'Sexist'
https://t.co/RGkNIenewF",73
373,0.0,Wed Mar 14 21:39:35 +0000 2018,0.0,1.0,@FoxNews,0.0,RT @FoxBusiness: Toys ‚ÄòR‚Äô Us to sell or close all U.S. stores: report https://t.co/TZrf1U3v3f,74
374,0.6114,Wed Mar 14 21:39:33 +0000 2018,0.0,0.6,@FoxNews,0.4,RT @FoxBusiness: Happy Pi Day! œÄ #PiDay https://t.co/YToL0TtVXe,75
375,-0.4588,Wed Mar 14 21:38:50 +0000 2018,0.276,0.641,@FoxNews,0.083,'Angel families' want to see Oakland mayor prosecuted for thwarting ICE raids https://t.co/shy3LqhM9b,76
376,0.4019,Wed Mar 14 21:35:01 +0000 2018,0.0,0.847,@FoxNews,0.153,".@JesseBWatters: ""I found some interesting polling... 74% of Californians oppose sanctuary cities. 65% of Hispanics‚Ä¶ https://t.co/YHte4mRw3M",77
377,0.1531,Wed Mar 14 21:28:15 +0000 2018,0.0,0.904,@FoxNews,0.096,"Earlier, President @realDonaldTrump took a tour of The @Boeing Company where he was shown a fighter aircraft. https://t.co/Fahjar9eRA",78
378,0.431,Wed Mar 14 21:21:27 +0000 2018,0.0,0.808,@FoxNews,0.192,".@JesseBWatters: ""Don't do the crime if you can't do the time."" #TheFive https://t.co/dNGKpezZB7",79
379,-0.6326,Wed Mar 14 21:15:36 +0000 2018,0.188,0.812,@FoxNews,0.0,".@TheJuanWilliams: ""I don't think it's very American to torture people and neither does John McCain who was torture‚Ä¶ https://t.co/decOvA0YKt",80
380,0.3182,Wed Mar 14 21:15:07 +0000 2018,0.147,0.693,@FoxNews,0.16,.@POTUS touted the success of recent tax cuts and tax reform during a roundtable discussion at @Boeing on Wednesday‚Ä¶ https://t.co/TbctQBEpTW,81
381,0.765,Wed Mar 14 21:14:08 +0000 2018,0.0,0.777,@FoxNews,0.223,"RT @FoxBusiness: Hawthorn Bank CEO David Turner: ""As a result of the tax relief, we were able to give $1,000 bonus to all of our emloyees.‚Ä¶",82
382,0.0,Wed Mar 14 21:14:01 +0000 2018,0.0,1.0,@FoxNews,0.0,"RT @FoxBusiness: Jerry Davis, President of College of the Ozarks: ""As a result of the recent tax bill savings, our college, to our knowledg‚Ä¶",83
383,0.7778,Wed Mar 14 21:13:58 +0000 2018,0.0,0.764,@FoxNews,0.236,"RT @FoxBusiness: Bonnie Brazzeal, employee of College of the Ozarks: ‚ÄúI am very grateful for the [tax cut] bonus, when the College gave it‚Ä¶",84
384,0.5423,Wed Mar 14 21:13:55 +0000 2018,0.0,0.868,@FoxNews,0.132,"RT @FoxBusiness: Brian Cook, Central Bancompany CEO: ""Because of the tax reform, we were able to give $1,000 bonus to each full-time and a‚Ä¶",85
385,0.6249,Wed Mar 14 21:12:07 +0000 2018,0.0,0.83,@FoxNews,0.17,".@POTUS: ‚ÄúIt‚Äôs very simple. Make America great again. That‚Äôs what we‚Äôre going to do, and that‚Äôs what we‚Äôre doing, a‚Ä¶ https://t.co/kkItj2Q6Dt",86
386,0.4939,Wed Mar 14 21:11:22 +0000 2018,0.0,0.833,@FoxNews,0.167,".@JesseBWatters on Gina Haspel: ""This woman's a patriot. She was trying to save lives after 9/11."" #TheFive https://t.co/CPaZlhRZ8F",87
387,0.0,Wed Mar 14 21:07:21 +0000 2018,0.0,1.0,@FoxNews,0.0,".@kimguilfoyle on Gina Haspel: ""She's qualified. She deserves the job."" #TheFive https://t.co/IZpnBNOqgP",88
388,0.0,Wed Mar 14 21:02:24 +0000 2018,0.0,1.0,@FoxNews,0.0,"Dennis Muilenburg, Chairman, President, &amp; CEO of the Boeing Company: ‚ÄúOn day one of tax reform, we announced an inv‚Ä¶ https://t.co/E44hg0J8Rr",89
389,0.0,Wed Mar 14 21:01:16 +0000 2018,0.0,1.0,@FoxNews,0.0,".@stevenmnuchin1: ‚ÄúIt‚Äôs incredible what you have here. It‚Äôs incredible, the amount of jobs you brought back to this‚Ä¶ https://t.co/KFglocydnn",90
390,0.0,Wed Mar 14 21:00:38 +0000 2018,0.0,1.0,@FoxNews,0.0,It's time for #TheFive - Tune in to Fox News Channel now! https://t.co/sHvDfONksK,91
391,0.7778,Wed Mar 14 20:53:40 +0000 2018,0.0,0.746,@FoxNews,0.254,"Bonnie Brazzeal, employee of College of the Ozarks: ‚ÄúI am very grateful for the [tax cut] bonus, when the College g‚Ä¶ https://t.co/uwBxxjPOrK",92
392,-0.7964,Wed Mar 14 20:52:39 +0000 2018,0.532,0.468,@FoxNews,0.0,".@KayaJones goes off on gun control protesters in fiery Twitter rant
https://t.co/3e4NEBgb1e",93
393,0.802,Wed Mar 14 20:41:10 +0000 2018,0.0,0.714,@FoxNews,0.286,"Hazel Mims, employee of the Boeing Company: ‚ÄúToday, I proudly serve Boeing, as I proudly served in the U.S. Army Re‚Ä¶ https://t.co/wQHF7UCNwN",94
394,0.1027,Wed Mar 14 20:30:04 +0000 2018,0.082,0.82,@FoxNews,0.098,".@POTUS: ‚Äú6 months ago, I promised that we would cut taxes to bring Main Street roaring all the way back, and we di‚Ä¶ https://t.co/C8tUc9G3dX",95
395,-0.6453,Wed Mar 14 20:26:26 +0000 2018,0.209,0.791,@FoxNews,0.0,".@POTUS: ‚ÄúJust a few years ago, this plant was in very serious danger of shutting down, and we‚Äôve got it going agai‚Ä¶ https://t.co/L3uFhHzMDr",96
396,0.0772,Wed Mar 14 20:22:06 +0000 2018,0.0,0.929,@FoxNews,0.071,".@POTUS: ‚ÄúI keep telling these countries ‚ÄòNo, you have to buy American. I want you to buy American.‚Äô‚Äù https://t.co/PjEJK1wAfL",97
397,-0.296,Wed Mar 14 20:15:01 +0000 2018,0.145,0.855,@FoxNews,0.0,.@POTUS participates in a roundtable discussion on tax cuts and tax reform at @Boeing.  https://t.co/mF4DKy3xKd,98
398,0.0,Wed Mar 14 20:02:21 +0000 2018,0.0,1.0,@FoxNews,0.0,.@POTUS takes a tour of the Boeing Company. https://t.co/W4ZY3Rsatf,99
399,0.0,Wed Mar 14 19:37:01 +0000 2018,0.0,1.0,@FoxNews,0.0,".@SteveScalise: ""What we saw in Parkland was an example of so many breakdowns in government.""‚Ä¶ https://t.co/C0FekElOPK",100
400,0.6369,Thu Mar 15 04:41:06 +0000 2018,0.0,0.833,@NYTIMES,0.167,"The happiest countries in the world, per a new survey: 
1. üá´üáÆ
2. üá≥üá¥
3. üá©üá∞
(The Nordic nations are the happiest.) https://t.co/CF7P0AHLoI",1
401,0.0,Thu Mar 15 04:22:04 +0000 2018,0.0,1.0,@NYTIMES,0.0,Here's the 2018 election calendar https://t.co/EoJGS1Yj1R,2
402,-0.34,Thu Mar 15 04:02:02 +0000 2018,0.091,0.909,@NYTIMES,0.0,"Toys ‚ÄúR‚Äù Us is closing up shop in the U.S. Once one of the world‚Äôs leading toy retailers, it struggled to keep up w‚Ä¶ https://t.co/uBueSN9SaR",3
403,-0.34,Thu Mar 15 03:50:27 +0000 2018,0.255,0.745,@NYTIMES,0.0,Diplomatic Fireworks at U.N. Over Britain-Russia Feud https://t.co/Jpl3HgH5Ub,4
404,0.0,Thu Mar 15 03:47:06 +0000 2018,0.0,1.0,@NYTIMES,0.0,"Conor Lamb, a Democrat and first-time candidate, comes from a political family and has a military background ‚Äî a r√©‚Ä¶ https://t.co/XFGs0hijRw",5
405,0.3182,Thu Mar 15 03:32:05 +0000 2018,0.0,0.905,@NYTIMES,0.095,"Stephen Hawking was a hero, not just for what he taught us about the universe, but for what he taught us about how‚Ä¶ https://t.co/q1TCnAQk8Y",6
406,0.0,Thu Mar 15 03:17:04 +0000 2018,0.0,1.0,@NYTIMES,0.0,RT @NYTScience: ‚ÄúPeople who boast about their I.Q. are losers.‚Äù -- Stephen Hawking https://t.co/gJkl1iDxTi,7
407,0.296,Thu Mar 15 03:02:04 +0000 2018,0.0,0.82,@NYTIMES,0.18,"How exercise can keep aging muscles and immune systems ""young"" https://t.co/TizbRxXco1",8
408,0.0,Thu Mar 15 02:51:04 +0000 2018,0.0,1.0,@NYTIMES,0.0,RT @HirokoTabuchi: I just wrote about how sparrows in oil fields are changing their songs to be heard above the noise of the oil and gas in‚Ä¶,9
409,0.0,Thu Mar 15 02:40:07 +0000 2018,0.0,1.0,@NYTIMES,0.0,The lives of these 15 extraordinary women fell in the margins of The New York Times. Until now.‚Ä¶ https://t.co/Um3fObYTWV,10
410,-0.2023,Thu Mar 15 02:32:05 +0000 2018,0.086,0.861,@NYTIMES,0.053,"Stephen Hawking took part in a zero-gravity flight when he was 65. Asked why he took such risks, he said, ""I want t‚Ä¶ https://t.co/EjzIF1KCqK",11
411,0.4019,Thu Mar 15 02:17:05 +0000 2018,0.0,0.816,@NYTIMES,0.184,Need help filling out your bracket? Here's who the experts are picking. https://t.co/DiUYKvzQw7,12
412,0.4215,Thu Mar 15 02:02:04 +0000 2018,0.0,0.872,@NYTIMES,0.128,Students chanting ‚ÄúNo more violence.‚Äù Signs asking ‚ÄúAre we next?‚Äù See the powerful photos from a day of school walk‚Ä¶ https://t.co/kV5qkg7eRq,13
413,0.0,Thu Mar 15 01:47:06 +0000 2018,0.0,1.0,@NYTIMES,0.0,"Ben Carson and his wife were directly involved in selecting a $31,000 custom mahogany dining room set for his offic‚Ä¶ https://t.co/43usWTp6hB",14
414,0.0,Thu Mar 15 01:32:05 +0000 2018,0.0,1.0,@NYTIMES,0.0,"A brief history of Stephen Hawking's discoveries
https://t.co/8aSJxAAgps",15
415,0.0,Thu Mar 15 01:17:08 +0000 2018,0.0,1.0,@NYTIMES,0.0,Evening Briefing: Here's what you need to know at the end of the day https://t.co/4u2D3xTqYG,16
416,-0.7405,Thu Mar 15 01:03:04 +0000 2018,0.281,0.636,@NYTIMES,0.084,"RT @charlie_savage: EXCLUSIVE: Green Berets ""training/advising"" Nigerien forces were attacked by ISIS militants and killed 11 of them in De‚Ä¶",17
417,-0.7506,Thu Mar 15 00:56:04 +0000 2018,0.262,0.738,@NYTIMES,0.0,The U.S. military said it limited operations in the West African nation of Niger after 4 soldiers were killed. But‚Ä¶ https://t.co/sYDXeFdwtJ,18
418,0.2023,Thu Mar 15 00:47:04 +0000 2018,0.0,0.904,@NYTIMES,0.096,RT @adamgoldmanNYT: The F.B.I. disciplinary process has recommended FBI Deputy Director Andy McCabe's termination ‚Äî leaving Mr. Sessions to‚Ä¶,19
419,-0.25,Thu Mar 15 00:32:04 +0000 2018,0.1,0.9,@NYTIMES,0.0,"4 years ago, it seemed unthinkable that Tracy Morgan would be performing, speaking or walking again, let alone star‚Ä¶ https://t.co/he55d4UewJ",20
420,-0.6808,Thu Mar 15 00:17:06 +0000 2018,0.438,0.417,@NYTIMES,0.146,"A teacher‚Äôs gun is accidentally fired during public safety class, injuring 3 students https://t.co/i1068S2pjs",21
421,0.0,Thu Mar 15 00:02:10 +0000 2018,0.0,1.0,@NYTIMES,0.0,Wedding season is upon us (it officially kicks off in April). Here are a few money saving tips for weddings guests.‚Ä¶ https://t.co/HuYLIeYwGy,22
422,0.5106,Wed Mar 14 23:47:06 +0000 2018,0.09,0.664,@NYTIMES,0.246,One NYT reader's reaction to Katy Perry giving an unwanted kiss to an ‚ÄúAmerican Idol‚Äù contestant‚Ä¶ https://t.co/8vxz1W9wLe,23
423,0.5719,Wed Mar 14 23:32:01 +0000 2018,0.0,0.829,@NYTIMES,0.171,"As a student at Smith College, Sylvia Plath won a ‚Äúguest editorship‚Äù at Mademoiselle magazine in New York in 1953,‚Ä¶ https://t.co/Ii0kMak4qz",24
424,-0.7783,Wed Mar 14 23:17:02 +0000 2018,0.274,0.726,@NYTIMES,0.0,"RT @MichaelPaulson: Harper Lee's estate is suing over Aaron Sorkin's script for a new stage adaptation of ""To Kill a Mockingbird,"" schedule‚Ä¶",25
425,-0.2263,Wed Mar 14 23:02:05 +0000 2018,0.15,0.749,@NYTIMES,0.102,Britain‚Äôs retaliation against Russia in their spy-poisoning brawl includes a small but symbolic slap: No ministers‚Ä¶ https://t.co/Dh7pYA91U9,26
426,0.0,Wed Mar 14 22:47:02 +0000 2018,0.0,1.0,@NYTIMES,0.0,Evening Briefing: Here's what you need to know at the end of the day https://t.co/pk9LJyXWVe,27
427,0.0,Wed Mar 14 22:32:02 +0000 2018,0.0,1.0,@NYTIMES,0.0,"‚ÄúQuebec needs to change the rules of the game"" says Gabriel Nadeau-Dubois, a young left-wing politician.

 A postca‚Ä¶ https://t.co/Ce5L3IM2YQ",28
428,-0.34,Wed Mar 14 22:17:03 +0000 2018,0.091,0.909,@NYTIMES,0.0,"Toys ‚ÄúR‚Äù Us is closing up shop in the U.S. Once one of the world‚Äôs leading toy retailers, it struggled to keep up w‚Ä¶ https://t.co/pkGoVzZDhU",29
429,0.0,Wed Mar 14 22:03:04 +0000 2018,0.0,1.0,@NYTIMES,0.0,Pennsylvania election results and maps https://t.co/7PadlsF3aW,30
430,0.0,Wed Mar 14 21:55:00 +0000 2018,0.0,1.0,@NYTIMES,0.0,Democrat Conor Lamb‚Äôs performance in the Pennsylvania House race rattled Republicans and showed Democrats how to wi‚Ä¶ https://t.co/zQwH5ici8R,31
431,0.0,Wed Mar 14 21:38:33 +0000 2018,0.0,1.0,@NYTIMES,0.0,Breaking News: The Democrat Conor Lamb has an insurmountable lead in a Pennsylvania House race in Trump country. We‚Ä¶ https://t.co/NNNY4vxgoH,32
432,0.0,Wed Mar 14 21:31:07 +0000 2018,0.0,1.0,@NYTIMES,0.0,"RT @overbye: Goodbye Stephen, you were a supernova in the wind https://t.co/Jl8QuOfzZq",33
433,0.2023,Wed Mar 14 21:15:06 +0000 2018,0.0,0.913,@NYTIMES,0.087,A former top Equifax executive sold nearly $1 million in company stock after he learned about a major data breach i‚Ä¶ https://t.co/S2lluf3E0J,34
434,0.0,Wed Mar 14 21:00:22 +0000 2018,0.0,1.0,@NYTIMES,0.0,David Cay Johnston uses his investigative skills to dig deep inside the Trump administration https://t.co/R6CYZlrriX,35
435,0.128,Wed Mar 14 20:45:07 +0000 2018,0.104,0.769,@NYTIMES,0.127,At least 139 people were exonerated last year after being wrongfully convicted. Each person lost a decade to prison‚Ä¶ https://t.co/sUwCCQnSmZ,36
436,0.2732,Wed Mar 14 20:30:18 +0000 2018,0.0,0.861,@NYTIMES,0.139,"At 98, Sister Jean Dolores-Schmidt is this NCAA tournament-bound basketball team's biggest supporter https://t.co/gQd8p5P1vN",37
437,0.0,Wed Mar 14 20:15:05 +0000 2018,0.0,1.0,@NYTIMES,0.0,"As cities throughout the South move to take down Confederate monuments, Nashville's mayor said it was time for the‚Ä¶ https://t.co/QoJGRcfkMx",38
438,0.4215,Wed Mar 14 19:55:32 +0000 2018,0.0,0.872,@NYTIMES,0.128,Students chanting ‚ÄúNo more violence.‚Äù Signs asking ‚ÄúAre we next?‚Äù See the powerful photos from a day of school walk‚Ä¶ https://t.co/sLQjSYhd2G,39
439,0.0,Wed Mar 14 19:49:57 +0000 2018,0.0,1.0,@NYTIMES,0.0,"Facebook said that it had taken down pages associated with ‚ÄúBritain First,‚Äù a far-right group whose leaders were re‚Ä¶ https://t.co/buhhoDlgR0",40
440,0.1779,Wed Mar 14 19:45:11 +0000 2018,0.0,0.918,@NYTIMES,0.082,"There‚Äôs a lot of growing up happening in today‚Äôs tech industry, where former whiz kids made their fortunes and are‚Ä¶ https://t.co/4fZIDYby9I",41
441,-0.6249,Wed Mar 14 19:37:06 +0000 2018,0.231,0.769,@NYTIMES,0.0,The men are suspected of bombing a mosque in Minnesota and attempting to bomb an abortion clinic in Illinois https://t.co/BUUrbhQmjp,42
442,0.7003,Wed Mar 14 19:30:07 +0000 2018,0.0,0.746,@NYTIMES,0.254,"The first kiss of a teenager, delivered by a superstar singer, might have made for a sweet pop-culture moment in a‚Ä¶ https://t.co/vPc8PGjDAz",43
443,0.25,Wed Mar 14 19:22:05 +0000 2018,0.146,0.709,@NYTIMES,0.146,Trump is visiting a Boeing plant to celebrate tax cuts. But lurking in the background is a clash over trade ‚Äî one i‚Ä¶ https://t.co/HYUsZjXHcK,44
444,0.1531,Wed Mar 14 19:15:08 +0000 2018,0.0,0.922,@NYTIMES,0.078,The fall of Rex Tillerson removes one the last remaining presidential advisers whose views on global warming are in‚Ä¶ https://t.co/yfENJnfeVT,45
445,0.1779,Wed Mar 14 19:07:06 +0000 2018,0.206,0.515,@NYTIMES,0.278,Should teenagers protest? Research says yes. https://t.co/xTpYG8FlTY,46
446,0.8402,Wed Mar 14 19:00:18 +0000 2018,0.0,0.583,@NYTIMES,0.417,Remaining physically active as we grow older could help to keep our muscles and immune systems robust https://t.co/P85DU930fM,47
447,0.2023,Wed Mar 14 18:58:12 +0000 2018,0.0,0.909,@NYTIMES,0.091,"RT @nytimesbusiness: Disney unveiled a major reorganization on Wednesday, bringing significant change to almost every part of its empire ah‚Ä¶",48
448,0.0,Wed Mar 14 18:52:06 +0000 2018,0.0,1.0,@NYTIMES,0.0,"On this day that fetishizes finitude, take a moment to reflect on these everyday infinities https://t.co/3pQJ4Wy99E (from the archives)",49
449,0.0,Wed Mar 14 18:45:15 +0000 2018,0.0,1.0,@NYTIMES,0.0,"President Trump is trying to wall off American industry from foreign competition, primarily China, under the guise‚Ä¶ https://t.co/7uoUcufPu9",50
450,-0.34,Wed Mar 14 18:37:04 +0000 2018,0.146,0.854,@NYTIMES,0.0,Britain‚Äôs expulsion of 23 Russian diplomats echoes the espionage feuds between Washington and Moscow https://t.co/a9NHFrgQAh,51
451,0.0,Wed Mar 14 18:30:21 +0000 2018,0.0,1.0,@NYTIMES,0.0,"President Trump is expected to name the CNBC analyst Larry Kudlow to replace Gary Cohn, who quit over tariffs https://t.co/BiTzwNqxmx",52
452,0.4019,Wed Mar 14 18:22:06 +0000 2018,0.0,0.87,@NYTIMES,0.13,A recount is unlikely to change the results of the Pennsylvania special election because most ballots in the state‚Ä¶ https://t.co/bic2scfePz,53
453,0.0,Wed Mar 14 18:15:07 +0000 2018,0.0,1.0,@NYTIMES,0.0,Google is joining Facebook in banning advertising for Bitcoin and other cryptocurrencies https://t.co/NPGPrKXGNn,54
454,-0.6597,Wed Mar 14 18:07:03 +0000 2018,0.232,0.677,@NYTIMES,0.09,"Stephen Hawking liked to say he was born 300 years to the day after Galileo died, and he died 139 years after Alber‚Ä¶ https://t.co/Gqy8ik2M7B",55
455,-0.7579,Wed Mar 14 18:00:19 +0000 2018,0.289,0.711,@NYTIMES,0.0,"In Opinion,

Op-Ed contributor Samantha Power writes that a year of insults, chaos and falsehoods has brought about‚Ä¶ https://t.co/gabGGazwLI",56
456,-0.8402,Wed Mar 14 17:52:07 +0000 2018,0.409,0.591,@NYTIMES,0.0,President Trump has not personally addressed the poison attack since London assigned blame on Russia https://t.co/rU2g6IzQbO,57
457,-0.25,Wed Mar 14 17:45:12 +0000 2018,0.185,0.714,@NYTIMES,0.101,"History is full of movements led by students. Some were successful and others brutally crushed, but even the latter‚Ä¶ https://t.co/DLsUVrnNMm",58
458,-0.25,Wed Mar 14 17:37:04 +0000 2018,0.095,0.905,@NYTIMES,0.0,"Prime Minister Theresa May expelled 23 Russian diplomats and vowed to crack down on Russian spies, corrupt elites a‚Ä¶ https://t.co/jPQMzLbwKC",59
459,0.0,Wed Mar 14 17:30:04 +0000 2018,0.0,1.0,@NYTIMES,0.0,‚ÄúRemember to look up at the stars and not down at your feet. Try to make sense of what you see and wonder about wha‚Ä¶ https://t.co/hGzt6T9pch,60
460,-0.2023,Wed Mar 14 17:23:00 +0000 2018,0.22,0.63,@NYTIMES,0.15,"The founder of the blood-testing company Theranos, once a Silicon Valley darling, was charged with fraud by the SEC‚Ä¶ https://t.co/u4Zw2LSHIa",61
461,-0.4939,Wed Mar 14 17:15:10 +0000 2018,0.158,0.842,@NYTIMES,0.0,"The Myanmar government maintains that the Rohingya burned down their own villages, and it rejects widespread testim‚Ä¶ https://t.co/pk4z9WjChF",62
462,0.8934,Wed Mar 14 17:13:55 +0000 2018,0.0,0.578,@NYTIMES,0.422,"RT @nytopinion: Adults are supposed to take care of children ‚Äî keep them safe, and help them feel safe. https://t.co/ocBNfgoz07 https://t.c‚Ä¶",63
463,-0.7269,Wed Mar 14 17:06:30 +0000 2018,0.243,0.757,@NYTIMES,0.0,"Andrew McCabe, an F.B.I. official criticized by President Trump, was to retire on Sunday. But he may be fired first‚Ä¶ https://t.co/6kzsefs0lE",64
464,-0.5267,Wed Mar 14 17:00:24 +0000 2018,0.175,0.825,@NYTIMES,0.0,"Rodrigo Duterte said that the Philippines was withdrawing from the International Criminal Court, denouncing what he‚Ä¶ https://t.co/Jda5Jr2kj2",65
465,0.2144,Wed Mar 14 16:54:18 +0000 2018,0.0,0.911,@NYTIMES,0.089,RT @nytgraphics: Final precinct-level results for Pennsylvania's 18th district special election show a blue shift in all but a handful of p‚Ä¶,66
466,-0.25,Wed Mar 14 16:52:06 +0000 2018,0.152,0.759,@NYTIMES,0.089,"""Enough."" Students walked out of their schools in a nationwide demonstration over gun violence.‚Ä¶ https://t.co/kCXFLlo0mA",67
467,0.296,Wed Mar 14 16:44:20 +0000 2018,0.0,0.896,@NYTIMES,0.104,"Join NYT reporter Roslyn Sulcas at the Royal Opera House in London, where she talks to the choreographer Christophe‚Ä¶ https://t.co/EveDo1cKHl",68
468,-0.7579,Wed Mar 14 16:30:19 +0000 2018,0.265,0.735,@NYTIMES,0.0,"In Opinion,
The editorial board writes: Few American officials were so directly involved in the frenzy of abuse aft‚Ä¶ https://t.co/UTnQziketD",69
469,0.1779,Wed Mar 14 16:15:13 +0000 2018,0.0,0.922,@NYTIMES,0.078,"As it seeks to compete with rival retailers, led by Amazon, Walmart plans to offer home delivery of groceries bough‚Ä¶ https://t.co/rZ3bSioBwb",70
470,0.3818,Wed Mar 14 16:07:05 +0000 2018,0.0,0.86,@NYTIMES,0.14,"News Analysis: The message from Pennsylvania‚Äôs still-undecided House race is clear: Suburban voters are in revolt,‚Ä¶ https://t.co/zlbjL8EbjT",71
471,0.0,Wed Mar 14 16:00:17 +0000 2018,0.0,1.0,@NYTIMES,0.0,"When Qatari royals were captured falcon hunting in Iraq, they were used as pawns in a multiplayer chess match that‚Ä¶ https://t.co/7A3ipYt6yt",72
472,0.2937,Wed Mar 14 15:53:09 +0000 2018,0.109,0.721,@NYTIMES,0.17,RT @katierosman: Katy Perry kisses an American Idol contestant and he did not like it. https://t.co/SENNYwky1k,73
473,0.8668,Wed Mar 14 15:45:04 +0000 2018,0.0,0.636,@NYTIMES,0.364,"Stephen Hawking's greatest work focused on black holes. If you still don't fully understand black holes, it's OK. Y‚Ä¶ https://t.co/iB5RRB8ltP",74
474,0.0,Wed Mar 14 15:30:06 +0000 2018,0.0,1.0,@NYTIMES,0.0,‚ÄúNot since Albert Einstein has a scientist so captured the public imagination and endeared himself to tens of milli‚Ä¶ https://t.co/HgTUlo1lsf,75
475,0.0,Wed Mar 14 15:17:41 +0000 2018,0.0,1.0,@NYTIMES,0.0,March 14 = 3/14 = œÄ = ü•ß = üòã  https://t.co/7Htq28VRSg,76
476,-0.8591,Wed Mar 14 15:13:19 +0000 2018,0.382,0.618,@NYTIMES,0.0,"RT @nytimesworld: How a plan to fell 6,000 trees in an English city provoked angry protests ‚Äî and claims of poisoned tea https://t.co/0C9RX‚Ä¶",77
477,0.0,Wed Mar 14 15:05:05 +0000 2018,0.0,1.0,@NYTIMES,0.0,"Chris Cuomo is taking over the 9 p.m. weeknight slot on CNN, putting him up against MSNBC's Rachel Maddow and Sean‚Ä¶ https://t.co/JRQnx8Xkah",78
478,0.0,Wed Mar 14 15:00:12 +0000 2018,0.0,1.0,@NYTIMES,0.0,RT @lauriegnyt: ‚ÄúI am walking out of school on Wednesday because our president and Congress need to do more than just tweet prayers and tho‚Ä¶,79
479,0.0,Wed Mar 14 14:51:46 +0000 2018,0.0,1.0,@NYTIMES,0.0,RT @MitchKSmith: Students are preparing to walk out at Perspectives Charter Schools on Chicago‚Äôs South Side. Many young people here have lo‚Ä¶,80
480,0.6369,Wed Mar 14 14:45:09 +0000 2018,0.0,0.833,@NYTIMES,0.167,"The happiest countries in the world, per a new survey: 
1. üá´üáÆ
2. üá≥üá¥
3. üá©üá∞
(The Nordic nations are the happiest.) https://t.co/0Bn0PFAdY9",81
481,0.0,Wed Mar 14 14:41:08 +0000 2018,0.0,1.0,@NYTIMES,0.0,"@julieturkewitz Why students are walking out, in their own words https://t.co/t7QsDSpRFV https://t.co/2xWznlocrU",82
482,0.4019,Wed Mar 14 14:30:07 +0000 2018,0.0,0.876,@NYTIMES,0.124,"RT @nytgraphics: More Democratic or more Republican?
How each precinct in yesterday's Pennsylvania special election shifted from the 2016 p‚Ä¶",83
483,0.0,Wed Mar 14 14:23:49 +0000 2018,0.0,1.0,@NYTIMES,0.0,Some of the day‚Äôs most poignant demonstrations are expected at schools whose names are synonymous with shootings.‚Ä¶ https://t.co/1TyEOR5VTA,84
484,0.0,Wed Mar 14 14:20:14 +0000 2018,0.0,1.0,@NYTIMES,0.0,"Trump boasted to reporters that he had made the call to oust Tillerson ""by myself."" Jimmy Fallon found that amusing‚Ä¶ https://t.co/kzxzDMsOqE",85
485,0.0,Wed Mar 14 14:10:13 +0000 2018,0.0,1.0,@NYTIMES,0.0,Morning¬†Briefing: Here's what you need to know to start your day https://t.co/olPJB2Zxdq https://t.co/JZA6kxltL1,86
486,0.0,Wed Mar 14 13:59:25 +0000 2018,0.0,1.0,@NYTIMES,0.0,"RT @NYTNational: Our reporters are across the country as students are expected to walk out nationwide. Follow along:

@alanblinder
@julietu‚Ä¶",87
487,-0.7906,Wed Mar 14 13:57:09 +0000 2018,0.339,0.605,@NYTIMES,0.056,Students are walking out of their schools in a nationwide demonstration over gun violence. The protests are set to‚Ä¶ https://t.co/b1qQ0OXZKf,88
488,0.4939,Wed Mar 14 13:48:07 +0000 2018,0.0,0.862,@NYTIMES,0.138,"As Stephen Hawking's renown spread, movies were made about him, he made cameos on TV shows, and he inspired compose‚Ä¶ https://t.co/DWKwdH0qqD",89
489,-0.5423,Wed Mar 14 13:29:05 +0000 2018,0.156,0.844,@NYTIMES,0.0,"In Opinion

Op-Ed contributor Paul R. Pillar writes that Mike Pompeo's nomination as secretary of state ""is bad new‚Ä¶ https://t.co/JxUjMpFgok",90
490,-0.128,Wed Mar 14 13:12:30 +0000 2018,0.182,0.663,@NYTIMES,0.155,"‚ÄúI lied,‚Äù said the antiques dealer. ‚ÄúI cheated. I stole.‚Äù And he succeeded, temporarily. https://t.co/wVl1wNNTKr",91
491,0.296,Wed Mar 14 13:10:00 +0000 2018,0.106,0.688,@NYTIMES,0.206,Theresa May said she had agreed with Britain‚Äôs National Security Council to suspend all high-level contacts between‚Ä¶ https://t.co/n6P7WOnQz0,92
492,-0.7506,Wed Mar 14 12:53:00 +0000 2018,0.252,0.748,@NYTIMES,0.0,"Breaking News: The UK is expelling 23 Russian diplomats over the poisoning of a former spy on British soil, in a sh‚Ä¶ https://t.co/jiZhSZWkwn",93
493,0.0,Wed Mar 14 12:45:11 +0000 2018,0.0,1.0,@NYTIMES,0.0,Thousands of students will stand up in their classrooms on Wednesday and walk out of their schools in a nationwide‚Ä¶ https://t.co/vsA38Bsz2G,94
494,-0.2023,Wed Mar 14 12:40:15 +0000 2018,0.086,0.861,@NYTIMES,0.053,"Stephen Hawking took part in a zero-gravity flight when he was 65. Asked why he took such risks, he said, ""I want t‚Ä¶ https://t.co/EN9mGz0Xul",95
495,0.3818,Wed Mar 14 12:30:13 +0000 2018,0.0,0.867,@NYTIMES,0.133,"The message from Pennsylvania's still-undecided House race is clear: Suburban voters are in revolt, swamping the mo‚Ä¶ https://t.co/iLmB9eH3gK",96
496,-0.4588,Wed Mar 14 12:21:01 +0000 2018,0.143,0.857,@NYTIMES,0.0,Instances of female teachers sexually abusing male students are rare. But stories on the subject have lately taken‚Ä¶ https://t.co/2pDX6MPmGy,97
497,-0.6486,Wed Mar 14 12:11:06 +0000 2018,0.202,0.798,@NYTIMES,0.0,"Three adults and one young child were found shot dead in Brooklyn Wednesday morning, the police said https://t.co/avcNdu3OFv",98
498,0.0,Wed Mar 14 12:00:13 +0000 2018,0.0,1.0,@NYTIMES,0.0,Morning¬†Briefing: Here's what you need to know to start your day https://t.co/h9PVjeK9CA https://t.co/Yoo45yOaBo,99
499,-0.6705,Wed Mar 14 11:50:04 +0000 2018,0.292,0.578,@NYTIMES,0.13,"The parents of Seth Rich, the young Democratic aide whose unsolved murder became grist for right-wing conspiracy th‚Ä¶ https://t.co/bMGOWrhcDE",100
